Death place,loc
[P0000],"Rexburg, Madison, Idaho, USA"
[P0000],"Rexburg, Madison, Idaho, USA"
[P0006],"Ukiah, Mendocino, California"
[P0006],"Ukiah, Mendocino, California"
[P0006],"Ukiah, Mendocino, California"
[P0006],"Ukiah, Mendocino, California"
[P0006],"Ukiah, Mendocino, California"
[P0006],"Ukiah, Mendocino, California"
[P0006],"Ukiah, Mendocino, California"
[P0006],"Ukiah, Mendocino, California"
[P0006],"Ukiah, Mendocino, California"
[P0006],"Ukiah, Mendocino, California"
[P0006],"Ukiah, Mendocino, California"
[P0006],"Ukiah, Mendocino, California"
[P0006],"Ukiah, Mendocino, California"
[P0006],"Ukiah, Mendocino, California"
[P0006],"Ukiah, Mendocino, California"
[P0006],"Ukiah, Mendocino, California"
[P0006],"Ukiah, Mendocino, California"
[P0006],"Ukiah, Mendocino, California"
[P0006],"Ukiah, Mendocino, California"
[P0006],"Ukiah, Mendocino, California"
[P0006],"Ukiah, Mendocino, California"
[P0006],"Ukiah, Mendocino, California"
[P0006],"Ukiah, Mendocino, California"
[P0006],"Ukiah, Mendocino, California"
[P0010],"San Jose, Santa Clara, California"
[P0011],"Roosevelt, Duchesne, Utah"
[P0011],"Roosevelt, Duchesne, Utah"
[P0014],"Idaho Falls, Bonneville, Idaho, USA"
[P0014],"Idaho Falls, Bonneville, Idaho, USA"
[P0014],"Idaho Falls, Bonneville, Idaho, USA"
[P0020],"San Jose, Santa Clara, California, USA"
[P0027],"provo, Utah, Utah"
[P0034],"Rigby, Jefferson, Idaho"
[P0037],"Woodland, Summit, Utah"
[P0037],"Woodland, Summit, Utah"
[P0037],"Woodland, Summit, Utah"
[P0038],"Washington, Washington, Utah"
[P0038],"Washington, Washington, Utah"
[P0045],"Newburg, Yamhill , Oregon"
[P0051],"San Francisco, California"
[P0053],USA
[P0053],USA
[P0056],"Westport, Mendocino, California"
[P0056],"Westport, Mendocino, California"
[P0056],"Westport, Mendocino, California"
[P0056],"Westport, Mendocino, California"
[P0056],"Westport, Mendocino, California"
[P0056],"Westport, Mendocino, California"
[P0063],"Boonville, Mendocino, California"
[P0063],"Boonville, Mendocino, California"
[P0063],"Boonville, Mendocino, California"
[P0063],"Boonville, Mendocino, California"
[P0067],"Manti, Sanpete, Utah, United States"
[P0067],"Manti, Sanpete, Utah, United States"
[P0067],"Manti, Sanpete, Utah, United States"
[P0067],"Manti, Sanpete, Utah, United States"
[P0069],"Ontario, San Bernardino, California, United States"
[P0071],"Manti, Sanpete, Utah, USA"
[P0071],"Manti, Sanpete, Utah, USA"
[P0074],"San Francisco, San Francisco, California"
[P0077],"Covina, Los Angeles, California"
[P0077],"Covina, Los Angeles, California"
[P0086],"Los Angeles, California"
[P0086],"Los Angeles, California"
[P0086],"Los Angeles, California"
[P0086],"Los Angeles, California"
[P0086],"Los Angeles, California"
[P0086],"Los Angeles, California"
[P0086],"Los Angeles, California"
[P0096],"Idaho Falls, Bonneville, Idaho, United States"
[P0096],"Idaho Falls, Bonneville, Idaho, United States"
[P0099],"Millcreek, Salt Lake, Utah"
[P0102],"Heber City, Wasatch, Utah"
[P0102],"Heber City, Wasatch, Utah"
[P0102],"Heber City, Wasatch, Utah"
[P0107],"Montpelier, Bear Lake, Utah"
[P0112],"Mendon, Cache, Utah"
[P0112],"Mendon, Cache, Utah"
[P0112],"Mendon, Cache, Utah"
[P0112],"Mendon, Cache, Utah"
[P0113],"Myton, Duchesne, Utah"
[P0113],"Myton, Duchesne, Utah"
[P0114],"Mendon, Cache, Utah, USA"
[P0114],"Mendon, Cache, Utah, USA"
[P0117],"manti, Sanpete, Utah"
[P0117],"manti, Sanpete, Utah"
[P0117],"manti, Sanpete, Utah"
[P0117],"manti, Sanpete, Utah"
[P0117],"manti, Sanpete, Utah"
[P0119],"Provo, Utah"
[P0120],"Provo, Utah County, Utah, USA"
[P0127],"manti, Snpt, UT"
[P0128],"Manti, Sanpete, Utah"
[P0131],"Salt Lake City, Salt Lake, Utah"
[P0131],"Salt Lake City, Salt Lake, Utah"
[P0131],"Salt Lake City, Salt Lake, Utah"
[P0131],"Salt Lake City, Salt Lake, Utah"
[P0131],"Salt Lake City, Salt Lake, Utah"
[P0131],"Salt Lake City, Salt Lake, Utah"
[P0131],"Salt Lake City, Salt Lake, Utah"
[P0131],"Salt Lake City, Salt Lake, Utah"
[P0131],"Salt Lake City, Salt Lake, Utah"
[P0134],"Bergen, Hordaland, Norway"
[P0134],"Bergen, Hordaland, Norway"
[P0138],"Covina, Los Angeles, California, USA"
[P0138],"Covina, Los Angeles, California, USA"
[P0139],"Pleasant Hill (Cass County), Cass County, Missouri, USA"
[P0144],"Pleasant Hill, Cass, Missouri"
[P0144],"Pleasant Hill, Cass, Missouri"
[P0144],"Pleasant Hill, Cass, Missouri"
[P0144],"Pleasant Hill, Cass, Missouri"
[P0144],"Pleasant Hill, Cass, Missouri"
[P0144],"Pleasant Hill, Cass, Missouri"
[P0149],"Sun City, Riverside, California"
[P0153],"San Luis Obispo, San Luis Obispo, California"
[P0156],"Independence, Jackson, Missouri, USA"
[P0156],"Independence, Jackson, Missouri, USA"
[P0160],Missouri
[P0160],Missouri
[P0164],"Long Beach, Los Angeles, California, USA"
[P0171],"Holden, Millard, Utah"
[P0171],"Holden, Millard, Utah"
[P0179],"Lehi, Utah"
[P0180],"Holden, Millard, Utah, USA"
[P0180],"Holden, Millard, Utah, USA"
[P0186],"Price, Carbon, Utah"
[P0188],Sevier
[P0189],"Bountiful, Dvs, UT"
[P0192],"manti, Sanpete, UT"
[P0192],"manti, Sanpete, UT"
[P0192],"manti, Sanpete, UT"
[P0201],England
[P0201],England
[P0201],England
[P0201],England
[P0205],"Merthyr Tydfil, Glamorgan, Wales"
[P0205],"Merthyr Tydfil, Glamorgan, Wales"
[P0207],"Merthyr Tydfil, Glamorgan, Wales."
[P0207],"Merthyr Tydfil, Glamorgan, Wales."
[P0210],"Rigby, Jefferson, Idaho, USA"
[P0213],"Bergen, Brgn, Nor"
[P0215],Utah
[P0216],"Manti, Sanpete, Utah Territory"
[P0217],"Provo, Utah, Utah, USA"
[P0223],"San Luis Obispo, California"
[P0223],"San Luis Obispo, California"
[P0226],California
[P0226],California
[P0226],California
[P0226],California
[P0226],California
[P0230],"Sun City, Riverside, California, USA"
[P0233],"Meade, Kentucky, United States"
[P0233],"Meade, Kentucky, United States"
[P0233],"Meade, Kentucky, United States"
[P0234],"Montgomery, Missouri, United States"
[P0237],"Manchester, St. Louis Co., Missouri"
[P0239],"Montgomery Co., Missouri"
[P0243],Orange
[P0243],Orange
[P0243],Orange
[P0244],"Los Angeles, Los Angeles, California, USA"
[P0244],"Los Angeles, Los Angeles, California, USA"
[P0245],"Danville, Montgomery, Missouri, United States"
[P0246],"Pleasant Hill, Cass, Missouri, USA"
[P0246],"Pleasant Hill, Cass, Missouri, USA"
[P0246],"Pleasant Hill, Cass, Missouri, USA"
[P0246],"Pleasant Hill, Cass, Missouri, USA"
[P0246],"Pleasant Hill, Cass, Missouri, USA"
[P0250],"Missouri, United States"
[P0250],"Missouri, United States"
[P0250],"Missouri, United States"
[P0250],"Missouri, United States"
[P0252],"Montgomery, Missouri, USA"
[P0252],"Montgomery, Missouri, USA"
[P0252],"Montgomery, Missouri, USA"
[P0252],"Montgomery, Missouri, USA"
[P0255],"Pleasant Hill, Missouri"
[P0255],"Pleasant Hill, Missouri"
[P0258],"Pleasant Hill, Cass County, Missouri, United States of America"
[P0263],"Long Beach, Los Angeles, California"
[P0266],"Jacksonville, Duval, Florida"
[P0269],"DeLand, Volusia, Florida"
[P0269],"DeLand, Volusia, Florida"
[P0269],"DeLand, Volusia, Florida"
[P0269],"DeLand, Volusia, Florida"
[P0269],"DeLand, Volusia, Florida"
[P0269],"DeLand, Volusia, Florida"
[P0279],"Encinitas, San Diego, California"
[P0283],"LaJolla, San Diego, California"
[P0286],"Salt Lake City, Salt Lake, Utah, United States"
[P0286],"Salt Lake City, Salt Lake, Utah, United States"
[P0286],"Salt Lake City, Salt Lake, Utah, United States"
[P0286],"Salt Lake City, Salt Lake, Utah, United States"
[P0286],"Salt Lake City, Salt Lake, Utah, United States"
[P0286],"Salt Lake City, Salt Lake, Utah, United States"
[P0286],"Salt Lake City, Salt Lake, Utah, United States"
[P0286],"Salt Lake City, Salt Lake, Utah, United States"
[P0286],"Salt Lake City, Salt Lake, Utah, United States"
[P0286],"Salt Lake City, Salt Lake, Utah, United States"
[P0291],"Colesville, Broome, New York"
[P0294],"Winter Quarters, IA"
[P0295],"Toquerville, Washington, UT"
[P0299],"Sandy, Salt Lake, UT"
[P0300],"Pendleton, Umatilla, Oregon"
[P0302],"Bountiful, Davis, Utah"
[P0302],"Bountiful, Davis, Utah"
[P0307],"Winter Quarters, Douglas, Nebraska, USA"
[P0311],"Carl,, Missouri"
[P0312],"Cameron, Clinton, Missouri, USA"
[P0318],"Los Angeles, Los Angeles Co., California"
[P0320],"San Francisco, California, USA"
[P0320],"San Francisco, California, USA"
[P0322],"Hollywood, Los Angeles Co., California"
[P0324],"Pennsylvania, USA"
[P0324],"Pennsylvania, USA"
[P0325],"Gallia, Ohio, United States"
[P0327],"Redstone, Fayette, Pennsylvania, USA"
[P0327],"Redstone, Fayette, Pennsylvania, USA"
[P0328],"Adams County, Ohio, USA"
[P0334],"Laupersdorf, Solothern Canton, Switzerland"
[P0335],"Vatican, Rome, Italy"
[P0337],"Oberbuchsiten, Solothern Canton, Switzerland"
[P0338],"Carroll Co., Missouri"
[P0340],"Andersonia, Mendocino County, California, United States of America"
[P0346],"Tippecanoe, Tippecanoe, Indiana, United States"
[P0351],Virginia
[P0351],Virginia
[P0351],Virginia
[P0351],Virginia
[P0351],Virginia
[P0351],Virginia
[P0351],Virginia
[P0351],Virginia
[P0351],Virginia
[P0351],Virginia
[P0351],Virginia
[P0351],Virginia
[P0351],Virginia
[P0351],Virginia
[P0351],Virginia
[P0351],Virginia
[P0351],Virginia
[P0353],"Tippecanoe Co., Indiana"
[P0355],"Boonville, Mendocino County, California, United States of America"
[P0359],"California, United States"
[P0359],"California, United States"
[P0359],"California, United States"
[P0359],"California, United States"
[P0359],"California, United States"
[P0359],"California, United States"
[P0359],"California, United States"
[P0359],"California, United States"
[P0359],"California, United States"
[P0361],Indiana
[P0362],", Missouri"
[P0366],"St. Joseph, Buchanan, Missouri"
[P0370],"Mendocino, California, United States"
[P0370],"Mendocino, California, United States"
[P0370],"Mendocino, California, United States"
[P0370],"Mendocino, California, United States"
[P0371],"Mendocino, California, USA"
[P0373],"Iowa, United States"
[P0373],"Iowa, United States"
[P0377],"Wabash Twp., Tippecanoe, Indiana"
[P0379],"Lafayette, Allen, Indiana, United States"
[P0386],"San Francisco, San Francisco, California, USA"
[P0386],"San Francisco, San Francisco, California, USA"
[P0386],"San Francisco, San Francisco, California, USA"
[P0386],"San Francisco, San Francisco, California, USA"
[P0386],"San Francisco, San Francisco, California, USA"
[P0388],"Redwood Valley, Mendocino, California"
[P0388],"Redwood Valley, Mendocino, California"
[P0391],"Boonville, Mendocino, California, USA"
[P0391],"Boonville, Mendocino, California, USA"
[P0393],"Philo, Mendocino, California, USA"
[P0394],"Veterans Ft. Miley, San Francisco, San Francisco, California, USA"
[P0397],"Sonoma, Sonoma, California, USA"
[P0397],"Sonoma, Sonoma, California, USA"
[P0399],"Oakdale, Stanislaus, California, United States of America"
[P0401],"Oakdale, Stanislaus, California, USA"
[P0403],"Ukiah, Mendocino, California, USA"
[P0403],"Ukiah, Mendocino, California, USA"
[P0403],"Ukiah, Mendocino, California, USA"
[P0403],"Ukiah, Mendocino, California, USA"
[P0403],"Ukiah, Mendocino, California, USA"
[P0403],"Ukiah, Mendocino, California, USA"
[P0403],"Ukiah, Mendocino, California, USA"
[P0403],"Ukiah, Mendocino, California, USA"
[P0404],"Santa Rosa, Sonoma, California, USA"
[P0404],"Santa Rosa, Sonoma, California, USA"
[P0406],"Healdsburg, Sonoma, California, USA"
[P0409],"San Francisco, San Francisco, California, United States"
[P0409],"San Francisco, San Francisco, California, United States"
[P0409],"San Francisco, San Francisco, California, United States"
[P0411],"Fleming Co., Kentucky"
[P0412],", Tippecanoe, Indiana"
[P0416],"Kentucky, USA"
[P0416],"Kentucky, USA"
[P0416],"Kentucky, USA"
[P0418],"Virginia, United States"
[P0418],"Virginia, United States"
[P0418],"Virginia, United States"
[P0418],"Virginia, United States"
[P0422],"Anness, Sedgwick Co., Kansas"
[P0422],"Anness, Sedgwick Co., Kansas"
[P0423],"Viola, Sedgwick Co., Kansas"
[P0423],"Viola, Sedgwick Co., Kansas"
[P0425],"Jennings, Decatur Co., Kansas"
[P0425],"Jennings, Decatur Co., Kansas"
[P0431],Riverside
[P0431],Riverside
[P0432],"Whittier, Los Angeles County, California, USA"
[P0435],"Pomona, Los Angeles, California, USA"
[P0438],"Los Angeles, Los Angeles, California, United States"
[P0438],"Los Angeles, Los Angeles, California, United States"
[P0438],"Los Angeles, Los Angeles, California, United States"
[P0438],"Los Angeles, Los Angeles, California, United States"
[P0438],"Los Angeles, Los Angeles, California, United States"
[P0438],"Los Angeles, Los Angeles, California, United States"
[P0439],"Tennessee, USA"
[P0439],"Tennessee, USA"
[P0447],"St. Louis, Montgomery Co., Missouri"
[P0449],"St Louis, Missouri"
[P0449],"St Louis, Missouri"
[P0455],",Lancaster,Virginia"
[P0455],",Lancaster,Virginia"
[P0457],"Gordonsville, Orange County, Virginia, United States of America"
[P0459],", Montgomery, Virginia"
[P0460],",,Virginia"
[P0463],"Carlsbad, Eddy, New Mexico"
[P0463],"Carlsbad, Eddy, New Mexico"
[P0465],"Kansas City, Jackson County, Missouri, United States of America"
[P0468],"Pine Grove Mills, Centre, Pennsylvania"
[P0469],"Kansas City, Jackson, Missouri, United States of America"
[P0472],"Dolores, Montezuma, Colorado, United States"
[P0477],"Hennepin, Minnesota"
[P0481],"Kansas City, Jackson, Missouri"
[P0481],"Kansas City, Jackson, Missouri"
[P0481],"Kansas City, Jackson, Missouri"
[P0482],"Cass County, Missouri, USA"
[P0483],"Pleasant Hill Cass County Missouri, USA"
[P0483],"Pleasant Hill Cass County Missouri, USA"
[P0486],Pennsylvania
[P0486],Pennsylvania
[P0486],Pennsylvania
[P0489],"Pleasant Hill, Cass County, Missouri, USA"
[P0489],"Pleasant Hill, Cass County, Missouri, USA"
[P0491],"Missouri, USA"
[P0491],"Missouri, USA"
[P0493],"Manchester, Baltimore, MD"
[P0498],"Grafton, Worcester, Massachusetts, United States"
[P0499],"New York, United States"
[P0499],"New York, United States"
[P0501],"Newport Beach, Orange, California, USA"
[P0506],"Los Angeles, California, United States"
[P0506],"Los Angeles, California, United States"
[P0506],"Los Angeles, California, United States"
[P0506],"Los Angeles, California, United States"
[P0506],"Los Angeles, California, United States"
[P0506],"Los Angeles, California, United States"
[P0510],"Mexico City,, Mexico"
[P0513],"San Francisco,, CA"
[P0515],"Los Angeles, L.A. Co., CA"
[P0515],"Los Angeles, L.A. Co., CA"
[P0517],"Virreyes 1005, Mexico City, D.F., Mexico"
[P0520],"At Home, Mexico City, D.F., Mexico"
[P0526],"Mexico City, D.F., Mexico"
[P0529],"Colesville, Broome, New York, United States"
[P0532],"Windsor, Brome, New York, United States"
[P0537],"Colesville, Broome, New York, USA"
[P0538],"San Antonio, Bexar, Texas, USA"
[P0538],"San Antonio, Bexar, Texas, USA"
[P0545],"Bakersfield, Kern County, California, USA"
[P0554],"Sheepbridge, Newry County, Ireland"
[P0555],"Lancaster Co., Virginia"
[P0559],Virginia USA
[P0559],Virginia USA
[P0561],"Fayette, Tennessee, USA"
[P0563],"Gordonsville, Orange Co., Virginia"
[P0564],"Richmond, Richmond City, Virginia, United States of America"
[P0564],"Richmond, Richmond City, Virginia, United States of America"
[P0569],"Richmond, Wise, Virginia, United States"
[P0571],"Richmond, Henrico Co., Virginia"
[P0571],"Richmond, Henrico Co., Virginia"
[P0574],Montgomery Co MO
[P0574],Montgomery Co MO
[P0574],Montgomery Co MO
[P0574],Montgomery Co MO
[P0574],Montgomery Co MO
[P0577],"Cem, Samangan, Afghanistan"
[P0579],"Gift, Alcorn, Mississippi, United States"
[P0582],"Tippah, Mississippi, United States"
[P0584],"Richmond, Virginia, United States"
[P0584],"Richmond, Virginia, United States"
[P0585],"Saint Louis, St. Louis County, Missouri, United States of America"
[P0587],"Savannah, Chatham, Georgia, USA"
[P0594],"Charles City County, Virginia, United States of America"
[P0597],"Virginia, USA"
[P0597],"Virginia, USA"
[P0597],"Virginia, USA"
[P0597],"Virginia, USA"
[P0600],"Virginia, United States of America"
[P0602],LANCASTER CO VIRGINIA
[P0602],LANCASTER CO VIRGINIA
[P0604],"Of, Lancaster, VA"
[P0607],"Lower Brandon, Prince George County, Virginia, USA"
[P0609],"Piqua, Miami Co., Ohio"
[P0614],"Staunton, Virginia"
[P0617],", Lancaster, Virginia"
[P0618],"Newry, Down, Ireland"
[P0622],"Culpeper, Virginia"
[P0625],"York, Virginia, United States"
[P0626],"Middlesex Co., Virginia"
[P0627],"Spotsylvania County, Virginia, USA"
[P0628],"Fauquier County, Virgina"
[P0630],"Germanna, Orange Co., Virginia"
[P0632],"Red Stone, Fayette Co., PA"
[P0635],"Redstone, Fayette Co., Pennsylvania"
[P0635],"Redstone, Fayette Co., Pennsylvania"
[P0636],"New Marion, Ripley Co., Indiana"
[P0643],"San Bernardino, California, United States"
[P0643],"San Bernardino, California, United States"
[P0643],"San Bernardino, California, United States"
[P0643],"San Bernardino, California, United States"
[P0645],"Rupert, Bennington, Vermont"
[P0645],"Rupert, Bennington, Vermont"
[P0647],"Girard, Erie, Pennsylvania, United States"
[P0652],"Erie, Erie, Pennsylvania, United States"
[P0652],"Erie, Erie, Pennsylvania, United States"
[P0655],Battle Of The Mills (War Of 1812)
[P0656],"Suffield, Hartford, Connecticut"
[P0656],"Suffield, Hartford, Connecticut"
[P0656],"Suffield, Hartford, Connecticut"
[P0657],"Poultney, Rutland, Vermont"
[P0658],"Kingston Mines, Vermont, United States"
[P0661],"Between Nauvoo and Carthage, Hancock, Illinois, USA"
[P0665],", Fremont, Iowa"
[P0665],", Fremont, Iowa"
[P0668],"Tazewell Co., Virginia"
[P0669],"Civil Bend, Fremont, Iowa"
[P0674],", Wayne, West Virginia"
[P0674],", Wayne, West Virginia"
[P0675],", Greenup, Kentucky"
[P0678],"Allegheny Co., Pennslyvania"
[P0678],"Allegheny Co., Pennslyvania"
[P0682],"Zanesville, Logan Co., Ohio"
[P0682],"Zanesville, Logan Co., Ohio"
[P0682],"Zanesville, Logan Co., Ohio"
[P0682],"Zanesville, Logan Co., Ohio"
[P0686],"Uniontown, Fayette Co., Pennsylvania"
[P0688],"Suffield, Conn"
[P0689],"Springfield, Hampden, Massachusetts"
[P0689],"Springfield, Hampden, Massachusetts"
[P0695],"Nauvoo, Hancock, Illinois"
[P0697],"Salina, Sevier, UT"
[P0698],"manti, Snpt., UT"
[P0701],"Lagrande, Union, OR"
[P0704],"La Grande, Union, OR"
[P0706],"Astoria, Clatsup, Oregon"
[P0714],"Unity, Waldo, Maine"
[P0714],"Unity, Waldo, Maine"
[P0714],"Unity, Waldo, Maine"
[P0715],"Unity, Waldo, Maine, United States"
[P0715],"Unity, Waldo, Maine, United States"
[P0715],"Unity, Waldo, Maine, United States"
[P0715],"Unity, Waldo, Maine, United States"
[P0715],"Unity, Waldo, Maine, United States"
[P0715],"Unity, Waldo, Maine, United States"
[P0715],"Unity, Waldo, Maine, United States"
[P0715],"Unity, Waldo, Maine, United States"
[P0715],"Unity, Waldo, Maine, United States"
[P0715],"Unity, Waldo, Maine, United States"
[P0715],"Unity, Waldo, Maine, United States"
[P0715],"Unity, Waldo, Maine, United States"
[P0715],"Unity, Waldo, Maine, United States"
[P0715],"Unity, Waldo, Maine, United States"
[P0715],"Unity, Waldo, Maine, United States"
[P0715],"Unity, Waldo, Maine, United States"
[P0715],"Unity, Waldo, Maine, United States"
[P0715],"Unity, Waldo, Maine, United States"
[P0715],"Unity, Waldo, Maine, United States"
[P0715],"Unity, Waldo, Maine, United States"
[P0715],"Unity, Waldo, Maine, United States"
[P0716],"Cincinnati, Hamilton, Ohio"
[P0717],"Pittsfield, Somerset, Maine, United States"
[P0719],"Beverly, Essex, Massachusetts"
[P0720],"Orlando, Orange, Florida"
[P0721],"Beverly, Essex, Massachusetts, United States"
[P0721],"Beverly, Essex, Massachusetts, United States"
[P0724],"Orlando, Florida"
[P0728],"Bradford, Darke, Ohio, USA"
[P0729],"Moessingen, Schwartzwald, Wurttemberg"
[P0729],"Moessingen, Schwartzwald, Wurttemberg"
[P0729],"Moessingen, Schwartzwald, Wurttemberg"
[P0729],"Moessingen, Schwartzwald, Wurttemberg"
[P0729],"Moessingen, Schwartzwald, Wurttemberg"
[P0729],"Moessingen, Schwartzwald, Wurttemberg"
[P0729],"Moessingen, Schwartzwald, Wurttemberg"
[P0729],"Moessingen, Schwartzwald, Wurttemberg"
[P0729],"Moessingen, Schwartzwald, Wurttemberg"
[P0729],"Moessingen, Schwartzwald, Wurttemberg"
[P0729],"Moessingen, Schwartzwald, Wurttemberg"
[P0729],"Moessingen, Schwartzwald, Wurttemberg"
[P0729],"Moessingen, Schwartzwald, Wurttemberg"
[P0729],"Moessingen, Schwartzwald, Wurttemberg"
[P0729],"Moessingen, Schwartzwald, Wurttemberg"
[P0729],"Moessingen, Schwartzwald, Wurttemberg"
[P0729],"Moessingen, Schwartzwald, Wurttemberg"
[P0729],"Moessingen, Schwartzwald, Wurttemberg"
[P0729],"Moessingen, Schwartzwald, Wurttemberg"
[P0729],"Moessingen, Schwartzwald, Wurttemberg"
[P0729],"Moessingen, Schwartzwald, Wurttemberg"
[P0729],"Moessingen, Schwartzwald, Wurttemberg"
[P0729],"Moessingen, Schwartzwald, Wurttemberg"
[P0729],"Moessingen, Schwartzwald, Wurttemberg"
[P0729],"Moessingen, Schwartzwald, Wurttemberg"
[P0729],"Moessingen, Schwartzwald, Wurttemberg"
[P0729],"Moessingen, Schwartzwald, Wurttemberg"
[P0729],"Moessingen, Schwartzwald, Wurttemberg"
[P0729],"Moessingen, Schwartzwald, Wurttemberg"
[P0729],"Moessingen, Schwartzwald, Wurttemberg"
[P0729],"Moessingen, Schwartzwald, Wurttemberg"
[P0729],"Moessingen, Schwartzwald, Wurttemberg"
[P0729],"Moessingen, Schwartzwald, Wurttemberg"
[P0729],"Moessingen, Schwartzwald, Wurttemberg"
[P0733],"Bradford, Miami, Ohio"
[P0735],"Mount Pisgah, Harrison, Iowa, United States"
[P0737],"Kaw Township, Jackson, Missouri, United States"
[P0740],"New York City, New York, United States"
[P0746],"Lafayette, Tippecanoe, Indiana"
[P0748],"Kentucky, United States"
[P0748],"Kentucky, United States"
[P0748],"Kentucky, United States"
[P0751],", Texas"
[P0752],"Walthourville, Liberty, Georgia"
[P0754],"Liberty County, Georgia"
[P0754],"Liberty County, Georgia"
[P0756],"Hinesville, Liberty County, Georgia"
[P0761],"Liberty County, Georgia, USA"
[P0761],"Liberty County, Georgia, USA"
[P0764],"Liberty Co., Georgia"
[P0764],"Liberty Co., Georgia"
[P0764],"Liberty Co., Georgia"
[P0764],"Liberty Co., Georgia"
[P0764],"Liberty Co., Georgia"
[P0764],"Liberty Co., Georgia"
[P0764],"Liberty Co., Georgia"
[P0766],South Carolina
[P0768],"DeLand, Volusia, Florida, United States"
[P0768],"DeLand, Volusia, Florida, United States"
[P0769],", Liberty, Georgia"
[P0771],"Madison Co., FL"
[P0774],"New Smyrna Beach, Volusia Co., FL"
[P0776],"Walthourville, Liberty County, Georgia"
[P0776],"Walthourville, Liberty County, Georgia"
[P0776],"Walthourville, Liberty County, Georgia"
[P0780],"Liberty Co., GA USA"
[P0784],"Santa Rosa, Sonoma, California"
[P0784],"Santa Rosa, Sonoma, California"
[P0784],"Santa Rosa, Sonoma, California"
[P0784],"Santa Rosa, Sonoma, California"
[P0784],"Santa Rosa, Sonoma, California"
[P0788],"Ukiah, Mendocino, California, United States"
[P0788],"Ukiah, Mendocino, California, United States"
[P0798],", Mendocino, California"
[P0798],", Mendocino, California"
[P0798],", Mendocino, California"
[P0798],", Mendocino, California"
[P0798],", Mendocino, California"
[P0798],", Mendocino, California"
[P0798],", Mendocino, California"
[P0802],"Mendocino, California"
[P0803],"Orland, Glenn, California"
[P0805],"St. Helena, Napa, California"
[P0805],"St. Helena, Napa, California"
[P0806],"Grass Valley, , California"
[P0807],"Sacramento, California, USA"
[P0811],"Sonoma County, California, USA"
[P0817],"Petaluma, Sonoma, California"
[P0818],"Petaluma, Sonoma, California, United States"
[P0820],"Hopland, Mendocino, California"
[P0823],"Brown's Valley, Napa, California"
[P0827],"Orr Springs, Mendocino, California"
[P0828],", Van Buren, Missouri"
[P0829],"near Occidental, Sonoma, California"
[P0831],", Sonoma, California"
[P0835],"near Urbana, Champaign, Illinois"
[P0835],"near Urbana, Champaign, Illinois"
[P0838],"Mendocino, Mendocino, California, United States"
[P0838],"Mendocino, Mendocino, California, United States"
[P0838],"Mendocino, Mendocino, California, United States"
[P0838],"Mendocino, Mendocino, California, United States"
[P0838],"Mendocino, Mendocino, California, United States"
[P0838],"Mendocino, Mendocino, California, United States"
[P0838],"Mendocino, Mendocino, California, United States"
[P0838],"Mendocino, Mendocino, California, United States"
[P0838],"Mendocino, Mendocino, California, United States"
[P0838],"Mendocino, Mendocino, California, United States"
[P0838],"Mendocino, Mendocino, California, United States"
[P0838],"Mendocino, Mendocino, California, United States"
[P0838],"Mendocino, Mendocino, California, United States"
[P0838],"Mendocino, Mendocino, California, United States"
[P0839],"Humboldt, California, United States"
[P0839],"Humboldt, California, United States"
[P0842],"Orland, Glenn, California, United States of America"
[P0844],"Blocksburg, Humboldt, California, United States of America"
[P0846],"Paonia, Delta, Colorado"
[P0847],"Juliaetta, Latah, Idaho, United States of America"
[P0848],"Talala, Rogers, Oklahoma, United States of America"
[P0849],"Crawford, Delta, Colorado, United States of America"
[P0850],"Redwood Valley, Mendocino, California, United States"
[P0851],"Santa Rosa, Sonoma, California, United States of America"
[P0851],"Santa Rosa, Sonoma, California, United States of America"
[P0852],"San Mateo, San Mateo, California, United States"
[P0859],"Tabiona, Duchesne, Utah"
[P0859],"Tabiona, Duchesne, Utah"
[P0859],"Tabiona, Duchesne, Utah"
[P0859],"Tabiona, Duchesne, Utah"
[P0859],"Tabiona, Duchesne, Utah"
[P0861],"Faversham, Kent, England"
[P0863],"Midway, Wasatch, Utah"
[P0865],"Upalco, Duchesene, Utah"
[P0867],"Upalco, Duchesne, Utah"
[P0870],"Malad, Oneida, Idaho, USA"
[P0872],"ogden, Weber, Utah"
[P0872],"ogden, Weber, Utah"
[P0876],"Tremonton, Box Elder, UT"
[P0883],", Harrison, Kentucky"
[P0884],", Shelby, Missouri"
[P0886],"Nephi, Juab, Utah"
[P0889],"Foveran, Aberdeenshire, Scotland"
[P0890],"Tiliary Burns, Foveran, Aberdeenshire, Scotland"
[P0892],"Foveran, Aberdeen, Scotland"
[P0893],"Hayden, Uintah, Utah"
[P0895],"Woods Cross, Davis, Utah"
[P0900],Near Faversham In Kent
[P0905],"Tarvas, Aberdeenshire, Scotland"
[P0907],"Aberdeenshire, Scotland"
[P0910],"Greenbank, Ontario, Canada"
[P0915],", Kent, England"
[P0918],"Selling, Kent, England"
[P0918],"Selling, Kent, England"
[P0919],"Salt Lake City, Salt Lake Co., UT"
[P0923],"Petham, Kent, England"
[P0923],"Petham, Kent, England"
[P0923],"Petham, Kent, England"
[P0923],"Petham, Kent, England"
[P0923],"Petham, Kent, England"
[P0923],"Petham, Kent, England"
[P0926],"Sacramento, Sacramento, California, USA"
[P0926],"Sacramento, Sacramento, California, USA"
[P0926],"Sacramento, Sacramento, California, USA"
[P0926],"Sacramento, Sacramento, California, USA"
[P0928],"Versailles, Woodford, Kentucky"
[P0931],"Pendleton Co., Kentucky"
[P0932],"Goose Lake Valley, Modoc, California"
[P0933],"Blue Lick Springs, , Kentucky"
[P0934],"Bowling Green, Clay, Indiana"
[P0935],"near Fern, , Indiana"
[P0938],"Newry, County Down, Ulster Provence, Ireland"
[P0938],"Newry, County Down, Ulster Provence, Ireland"
[P0941],"Fayette, Ohio"
[P0946],"Prob. Mendocino Co., California"
[P0947],"Civil Bend, , Fremont, Iowa"
[P0949],"Yolo Co., California"
[P0951],"Crossing the Plains, enroute to Oregon"
[P0952],"Bangor, Butte, California"
[P0952],"Bangor, Butte, California"
[P0952],"Bangor, Butte, California"
[P0954],"Santa Clara, Santa Clara, California, United States"
[P0959],"Hinesville, Liberty, Georgia, United States"
[P0959],"Hinesville, Liberty, Georgia, United States"
[P0965],"Kensington, London, England"
[P0967],"Sacramento County, California, USA"
[P0967],"Sacramento County, California, USA"
[P0973],"Condobolin, New South Wales, Australia"
[P0974],"Ormond, , Victoria, Australia"
[P0976],"Monymusk, Aberdeenshire, Scotland"
[P0979],"Harding, Manitoba, Canada"
[P0983],"Fraserburgh, Aberdeenshire, Scotland"
[P0986],"Nelson, New Zealand"
[P0993],"Mill Creek, Salt Lake Co., Utah"
[P0997],"Millcreek, Salt Lake, Utah, United States"
[P1003],"Nauvoo, Hancock, Illinois, United States"
[P1006],"Salt Lake City, Salt Lake, UT"
[P1006],"Salt Lake City, Salt Lake, UT"
[P1006],"Salt Lake City, Salt Lake, UT"
[P1007],"Union, Union Co , South Carolina, United States"
[P1010],"Union, Union County, South Carolina, United States"
[P1011],"Union, South Carolina, United States"
[P1013],"Salina, Sevier, Utah"
[P1013],"Salina, Sevier, Utah"
[P1013],"Salina, Sevier, Utah"
[P1015],"Millcreek, Salt Lake County, Utah, USA"
[P1017],"Fayetteville, Fayette, Georgia"
[P1020],"Farmington, Davis, UT"
[P1020],"Farmington, Davis, UT"
[P1022],"Cross Keys, Union, South Carolina, United States"
[P1022],"Cross Keys, Union, South Carolina, United States"
[P1023],"Chester, South Carolina, United States"
[P1023],"Chester, South Carolina, United States"
[P1025],"Woodland, , UT"
[P1028],"Paid For Coffin,Union,Sc,No Heirs"
[P1032],",, Tennessee, USA"
[P1034],"Spotsylvania, Virginia, United States"
[P1034],"Spotsylvania, Virginia, United States"
[P1035],"Berkeley, James, Virginia, United States"
[P1035],"Berkeley, James, Virginia, United States"
[P1035],"Berkeley, James, Virginia, United States"
[P1036],"Licking, Licking, Ohio, United States"
[P1040],"Fayette County, Ohio, USA"
[P1040],"Fayette County, Ohio, USA"
[P1040],"Fayette County, Ohio, USA"
[P1045],"Greenfield, Highland, Ohio, United States"
[P1048],"Washington Courthouse, Fayette, Ohio, United States"
[P1049],Ireland
[P1049],Ireland
[P1051],"Washington, Fayette, Ohio, United States"
[P1051],"Washington, Fayette, Ohio, United States"
[P1053],"Niobrara, Knox, Nebraska, United States"
[P1056],"Stuart, Smith, Kansas, United States"
[P1057],"Clark, Illinois, United States"
[P1059],"Danville, Vermilion, Illinois, United States"
[P1061],"Marshall, Clark, Illinois, United States"
[P1063],"Fulton, Fulton, Arkansas, United States"
[P1065],"Laketown, Rich, Utah"
[P1066],"Homer, Champaign, Illinois"
[P1070],"Nauvoo, Hancock County, Illinois, United States of America"
[P1071],"Kirkham, Lancashire, England"
[P1073],"Salt Lake City, Salt Lake County, Utah, United States of America"
[P1075],"Huntsville, Weber, Utah"
[P1076],"Burley, Cassia, Idaho, USA"
[P1076],"Burley, Cassia, Idaho, USA"
[P1078],"Salt Lake City, S-Lk, UT"
[P1085],"Holladay, Salt Lake County, Utah, USA"
[P1086],"Logan, Cache County, Utah, USA"
[P1088],"Salisbury, Rowan, NC"
[P1089],"Wilson Lane, Ogden, Weber, Utah"
[P1094],"Dubois, Clark, Idaho, USA"
[P1098],"Mill Creek, Salt Lake, Salt Lake, Utah"
[P1107],"Montana, United States"
[P1107],"Montana, United States"
[P1110],"Mendon, Cache, Utah Territory, United States"
[P1111],"Logan, Cache, UT"
[P1113],"Smoot, Lincoln, WY"
[P1114],"Comminty Hospital, Medford, Jackson, OR"
[P1116],"Hyrum, , UT"
[P1137],"Manchester, Lancashire, England"
[P1137],"Manchester, Lancashire, England"
[P1137],"Manchester, Lancashire, England"
[P1138],"Wharles, Lancashire, England"
[P1143],"Magna, Salt Lake, UT"
[P1144],"Osmond Community, Lincoln, Wyoming, United States"
[P1145],"Ogden, Weber County, Utah, United States of America"
[P1145],"Ogden, Weber County, Utah, United States of America"
[P1145],"Ogden, Weber County, Utah, United States of America"
[P1145],"Ogden, Weber County, Utah, United States of America"
[P1145],"Ogden, Weber County, Utah, United States of America"
[P1146],"Preston, Lancashire, England"
[P1147],"Chorley, Lancashire, England"
[P1149],"Ogden, Weber, UT"
[P1150],"Osmond, Lincoln, WY"
[P1151],"Sherburne, Chenango, NY"
[P1152],"Glenwood, Sanpete, Utah"
[P1155],"Aurora, Sevier, UT"
[P1162],"Wilford, Fremont, Idaho, USA"
[P1164],"Henriville, Garfield, Utah"
[P1166],", Rowan Co, North Carolina"
[P1167],"Salisbury, Rowan, N.Carolina"
[P1174],"Richland, Montana, United States"
[P1177],Afton
[P1180],"Burley, Cassia, Idaho"
[P1183],"Afton, Lincoln, Wyoming, United States"
[P1184],"Fullerton, Orange, California, United States"
[P1185],"Afton, Lincoln, Wyoming, USA"
[P1187],"Of Afton, Lincoln, Wyoming, USA"
[P1188],"Shelley, Bingham, Idaho, United States"
[P1188],"Shelley, Bingham, Idaho, United States"
[P1191],"Sheridan, Sheridan, Wyoming, United States"
[P1193],"Cheyenne, Laramie, Wyoming, United States"
[P1194],"Butte, Silver Bow, Montana, United States"
[P1194],"Butte, Silver Bow, Montana, United States"
[P1196],"Medford, Jackson, Oregon, United States"
[P1197],"Downey, Los Angeles, California, United States"
[P1198],"Haverup, Pedersborg, Sorø, Denmark"
[P1199],"Sorø, Vestsjalland, Denmark"
[P1199],"Sorø, Vestsjalland, Denmark"
[P1200],"Mendon, Cache, Utah, United States"
[P1200],"Mendon, Cache, Utah, United States"
[P1200],"Mendon, Cache, Utah, United States"
[P1200],"Mendon, Cache, Utah, United States"
[P1200],"Mendon, Cache, Utah, United States"
[P1200],"Mendon, Cache, Utah, United States"
[P1204],"Mendon, Cache Utah"
[P1206],"Mendon, Cache County, Utah, USA"
[P1211],"Fjenneslev, Sorø, Denmark"
[P1212],"Kirke Fjenneslev, Fjenneslev, Sorø, Denmark"
[P1217],"Logan, Cache, Utah, United States"
[P1221],"Goldendale, Klickitat, Washington"
[P1221],"Goldendale, Klickitat, Washington"
[P1221],"Goldendale, Klickitat, Washington"
[P1224],"Percival, Fremont, Iowa"
[P1225],"Covelo, Mendocino, California"
[P1225],"Covelo, Mendocino, California"
[P1225],"Covelo, Mendocino, California"
[P1226],"Fruito, Glenn, California"
[P1232],"Charles City Co., Virginia"
[P1233],"Brunswick Co., Virginia"
[P1235],"Surry Co., Virginia"
[P1239],"Depeyster, St Lawrence, NY"
[P1241],"Oswegotchie, St L, NY"
[P1244],"Thatcher, Grhm, AZ"
[P1246],"Raymond, Alberta, Canada"
[P1249],"Salt Lake City, S, UT"
[P1252],"Oswegatchie, St. Lawrence, New York"
[P1254],"Odgensburg, St. Lawrence, NY"
[P1255],"Montague, Franklin, MA"
[P1257],"Midway, Liberty, Georgia"
[P1257],"Midway, Liberty, Georgia"
[P1257],"Midway, Liberty, Georgia"
[P1257],"Midway, Liberty, Georgia"
[P1257],"Midway, Liberty, Georgia"
[P1257],"Midway, Liberty, Georgia"
[P1257],"Midway, Liberty, Georgia"
[P1257],"Midway, Liberty, Georgia"
[P1257],"Midway, Liberty, Georgia"
[P1257],"Midway, Liberty, Georgia"
[P1257],"Midway, Liberty, Georgia"
[P1257],"Midway, Liberty, Georgia"
[P1257],"Midway, Liberty, Georgia"
[P1257],"Midway, Liberty, Georgia"
[P1260],"Moessing, WURTTEMBERG, Germany"
[P1262],Ohio
[P1262],Ohio
[P1262],Ohio
[P1267],"Gettysburg, , Ohio, USA"
[P1271],"Dayton, , Ohio, USA"
[P1271],"Dayton, , Ohio, USA"
[P1272],"Sidney, Shelby, Ohio"
[P1274],"Murray, Calloway, Kentucky"
[P1277],"Bradford, Miami, Ohio, United States of America,"
[P1280],Veterans Adm. Med. Ctr
[P1282],"Dayton, Montgomery, Ohio, United States of America"
[P1282],"Dayton, Montgomery, Ohio, United States of America"
[P1287],"Mossingen, Tubingen, Baden-Württemberg, Germany"
[P1290],"Dover, Morris, New Jersey, USA"
[P1293],"Glen Cove, Nassau, New York, USA"
[P1295],"Hudson, Pasco, Florida, United States of America"
[P1296],"Ohio, United States"
[P1298],"Green Valley, Pima, Arizona, United States of America"
[P1300],"Lewisburg, Preble, Ohio"
[P1306],"Deland, Volusia, Florida, United States of America"
[P1306],"Deland, Volusia, Florida, United States of America"
[P1306],"Deland, Volusia, Florida, United States of America"
[P1306],"Deland, Volusia, Florida, United States of America"
[P1306],"Deland, Volusia, Florida, United States of America"
[P1309],"Tattnall, Georgia, United States"
[P1309],"Tattnall, Georgia, United States"
[P1309],"Tattnall, Georgia, United States"
[P1309],"Tattnall, Georgia, United States"
[P1309],"Tattnall, Georgia, United States"
[P1309],"Tattnall, Georgia, United States"
[P1309],"Tattnall, Georgia, United States"
[P1309],"Tattnall, Georgia, United States"
[P1309],"Tattnall, Georgia, United States"
[P1309],"Tattnall, Georgia, United States"
[P1309],"Tattnall, Georgia, United States"
[P1309],"Tattnall, Georgia, United States"
[P1309],"Tattnall, Georgia, United States"
[P1310],"Claxton, Tattnall, Georgia"
[P1310],"Claxton, Tattnall, Georgia"
[P1312],"Tattnall, Georgia"
[P1312],"Tattnall, Georgia"
[P1312],"Tattnall, Georgia"
[P1312],"Tattnall, Georgia"
[P1312],"Tattnall, Georgia"
[P1312],"Tattnall, Georgia"
[P1312],"Tattnall, Georgia"
[P1312],"Tattnall, Georgia"
[P1312],"Tattnall, Georgia"
[P1312],"Tattnall, Georgia"
[P1312],"Tattnall, Georgia"
[P1312],"Tattnall, Georgia"
[P1312],"Tattnall, Georgia"
[P1312],"Tattnall, Georgia"
[P1312],"Tattnall, Georgia"
[P1312],"Tattnall, Georgia"
[P1313],", Tattnall, Georgia"
[P1317],"Tattnall Co., Georgia"
[P1317],"Tattnall Co., Georgia"
[P1317],"Tattnall Co., Georgia"
[P1317],"Tattnall Co., Georgia"
[P1317],"Tattnall Co., Georgia"
[P1321],"Quinlan, Hunt, Texas, United States of America"
[P1325],", Liberty, Georgia, USA"
[P1332],"Reidsville, Tattnall, Georgia"
[P1332],"Reidsville, Tattnall, Georgia"
[P1336],"Georgia, United States"
[P1336],"Georgia, United States"
[P1336],"Georgia, United States"
[P1337],"Atlanta, Georgia"
[P1337],"Atlanta, Georgia"
[P1337],"Atlanta, Georgia"
[P1337],"Atlanta, Georgia"
[P1337],"Atlanta, Georgia"
[P1338],"Houston, TX"
[P1347],"Screven, Georgia"
[P1353],"Claxton, Georgia"
[P1356],Georgia
[P1356],Georgia
[P1356],Georgia
[P1357],", Tattnall, Georgia, USA"
[P1357],", Tattnall, Georgia, USA"
[P1357],", Tattnall, Georgia, USA"
[P1360],"Mössingen, Württemberg, Deutschland"
[P1360],"Mössingen, Württemberg, Deutschland"
[P1366],"Midway, Liberty, Georgia, USA"
[P1366],"Midway, Liberty, Georgia, USA"
[P1366],"Midway, Liberty, Georgia, USA"
[P1366],"Midway, Liberty, Georgia, USA"
[P1366],"Midway, Liberty, Georgia, USA"
[P1366],"Midway, Liberty, Georgia, USA"
[P1367],"Dorchester, Dorchester, South Carolina, United States"
[P1369],"Liberty, Georgia, United States"
[P1369],"Liberty, Georgia, United States"
[P1369],"Liberty, Georgia, United States"
[P1369],"Liberty, Georgia, United States"
[P1369],"Liberty, Georgia, United States"
[P1369],"Liberty, Georgia, United States"
[P1372],"Liberty County, GA, USA"
[P1372],"Liberty County, GA, USA"
[P1372],"Liberty County, GA, USA"
[P1372],"Liberty County, GA, USA"
[P1376],"Islesboro, Waldo, Maine, USA"
[P1377],"Maine, United States"
[P1377],"Maine, United States"
[P1377],"Maine, United States"
[P1377],"Maine, United States"
[P1377],"Maine, United States"
[P1377],"Maine, United States"
[P1378],"Unity, Waldo, Maine, USA"
[P1378],"Unity, Waldo, Maine, USA"
[P1378],"Unity, Waldo, Maine, USA"
[P1378],"Unity, Waldo, Maine, USA"
[P1378],"Unity, Waldo, Maine, USA"
[P1383],"Thorndike, Waldo, Maine, United States"
[P1383],"Thorndike, Waldo, Maine, United States"
[P1383],"Thorndike, Waldo, Maine, United States"
[P1383],"Thorndike, Waldo, Maine, United States"
[P1384],Thorndike ME
[P1384],Thorndike ME
[P1385],Maine
[P1391],"Detroit, Wayne, Michigan, United States"
[P1396],"Cleveland, Cuyahoga, Ohio, USA"
[P1396],"Cleveland, Cuyahoga, Ohio, USA"
[P1398],"Whittier, Los Angeles, California, United States of America"
[P1405],"Unity, Kennebec, Maine, United States"
[P1405],"Unity, Kennebec, Maine, United States"
[P1405],"Unity, Kennebec, Maine, United States"
[P1405],"Unity, Kennebec, Maine, United States"
[P1409],"Georgetown, Sagadahoc, Maine, United States"
[P1409],"Georgetown, Sagadahoc, Maine, United States"
[P1409],"Georgetown, Sagadahoc, Maine, United States"
[P1411],"Iowa, USA"
[P1417],Clinton ME
[P1427],"Lincoln, Penobscot, Maine, United States"
[P1430],"Braintree, Norfolk, Massachusetts, United States"
[P1430],"Braintree, Norfolk, Massachusetts, United States"
[P1430],"Braintree, Norfolk, Massachusetts, United States"
[P1430],"Braintree, Norfolk, Massachusetts, United States"
[P1430],"Braintree, Norfolk, Massachusetts, United States"
[P1436],"National Soldiers Home, Maine, United States"
[P1439],"Rockland, Knox, Maine, United States"
[P1442],"Columbus, Franklin, Ohio, United States"
[P1442],"Columbus, Franklin, Ohio, United States"
[P1442],"Columbus, Franklin, Ohio, United States"
[P1442],"Columbus, Franklin, Ohio, United States"
[P1442],"Columbus, Franklin, Ohio, United States"
[P1442],"Columbus, Franklin, Ohio, United States"
[P1442],"Columbus, Franklin, Ohio, United States"
[P1442],"Columbus, Franklin, Ohio, United States"
[P1445],"Acre Island, Waldo, Maine, United States"
[P1448],"Lunenburg, Worcester, Massachusetts, United States"
[P1448],"Lunenburg, Worcester, Massachusetts, United States"
[P1448],"Lunenburg, Worcester, Massachusetts, United States"
[P1448],"Lunenburg, Worcester, Massachusetts, United States"
[P1456],"Cerro Goro, , Illinois, USA"
[P1459],"Columbus, Franklin, Ohio, USA"
[P1459],"Columbus, Franklin, Ohio, USA"
[P1459],"Columbus, Franklin, Ohio, USA"
[P1459],"Columbus, Franklin, Ohio, USA"
[P1459],"Columbus, Franklin, Ohio, USA"
[P1459],"Columbus, Franklin, Ohio, USA"
[P1463],"Thorndike, Waldo, ME, USA"
[P1467],"Winslow, Kennebec, Maine, United States"
[P1469],"New Limerick, Aroostook, Maine, United States"
[P1473],"Conway Springs, Sumner, Kansas, United States"
[P1473],"Conway Springs, Sumner, Kansas, United States"
[P1478],"Chicago, Cook, Illinois, United States"
[P1478],"Chicago, Cook, Illinois, United States"
[P1480],"Coolin, Bonner, Idaho, United States"
[P1483],"Oakland, Alameda, California, United States"
[P1484],"Haverhill, Essex, Massachusetts, United States"
[P1484],"Haverhill, Essex, Massachusetts, United States"
[P1484],"Haverhill, Essex, Massachusetts, United States"
[P1486],"Monroe, Waldo, Maine, United States"
[P1486],"Monroe, Waldo, Maine, United States"
[P1487],"South Thomaston, Knox, Maine, United States"
[P1487],"South Thomaston, Knox, Maine, United States"
[P1487],"South Thomaston, Knox, Maine, United States"
[P1489],"Georgetown, Sagadahoc, Maine, USA"
[P1490],"Concord, Middlesex, Massachusetts"
[P1490],"Concord, Middlesex, Massachusetts"
[P1491],"Boston, Middlesex, Massachusetts, United States"
[P1491],"Boston, Middlesex, Massachusetts, United States"
[P1492],"Concord, Middlesex, Massachusetts, United States"
[P1492],"Concord, Middlesex, Massachusetts, United States"
[P1492],"Concord, Middlesex, Massachusetts, United States"
[P1492],"Concord, Middlesex, Massachusetts, United States"
[P1492],"Concord, Middlesex, Massachusetts, United States"
[P1492],"Concord, Middlesex, Massachusetts, United States"
[P1493],"Rindge, Cheshire, New Hampshire, United States"
[P1493],"Rindge, Cheshire, New Hampshire, United States"
[P1493],"Rindge, Cheshire, New Hampshire, United States"
[P1494],"Rindge, New Hampshire"
[P1495],"Rindge, Cheshire, New Hampshire"
[P1498],"Leominster, Worcester, Massachusetts, United States"
[P1498],"Leominster, Worcester, Massachusetts, United States"
[P1499],"Massachusetts, United States"
[P1501],"Holliston, Middlesex, Massachusetts, United States"
[P1504],"Georgetown, Lincoln, Maine, United States"
[P1504],"Georgetown, Lincoln, Maine, United States"
[P1504],"Georgetown, Lincoln, Maine, United States"
[P1505],"Princeton, Bureau, Illinois, United States"
[P1506],"Vassalboro, Kennebec, Maine, United States"
[P1509],"Bangor, Penobscot, Maine, United States"
[P1511],"Arrowsic Island, Sagadahoc, Maine, United States"
[P1512],"Gloucester, Essex, Massachusetts, United States"
[P1512],"Gloucester, Essex, Massachusetts, United States"
[P1513],Oklahoma
[P1514],"Austin, Scott Co., Indiana"
[P1515],"Wallace, Nebraska"
[P1517],"Randolph, Riley Co., Kansas"
[P1518],"Clay Co., Kansas"
[P1520],"Clay Center, Clay Co., Kansas"
[P1520],"Clay Center, Clay Co., Kansas"
[P1522],"Nelson, Nuckolls Co., Nebraska"
[P1533],"Scott, Harrison, Indiana, USA"
[P1539],"Laytonville, Mendocino, California"
[P1539],"Laytonville, Mendocino, California"
[P1545],", Sonoma, CA"
[P1546],"Healdsburg, Sonoma, California"
[P1549],", Humboldt, CA"
[P1550],"Sonoma, Sonoma, California, United States"
[P1550],"Sonoma, Sonoma, California, United States"
[P1557],Kentucky
[P1557],Kentucky
[P1561],"Alameda, California, USA"
[P1564],"Westport, Mendocino, CA"
[P1566],"Modesto, Stanislaus, CA"
[P1567],"San Diego, California"
[P1567],"San Diego, California"
[P1568],"California, USA"
[P1568],"California, USA"
[P1568],"California, USA"
[P1568],"California, USA"
[P1570],"Morgan, Illinois, United States"
[P1571],"North Carolina, United States"
[P1573],"Waverly, Morgan, Illinois"
[P1576],"Arcata, Humboldt, California, United States"
[P1578],"Sebastopol, Sonoma Co. California"
[P1581],"Healdsburg, Sonoma, California, United States of America"
[P1581],"Healdsburg, Sonoma, California, United States of America"
[P1582],"Healdsburg, California"
[P1583],", Harrison, Indiana, USA"
[P1587],"Harrison, Indiana, USA"
[P1589],"Harrison, Harrison, Indiana, United States"
[P1589],"Harrison, Harrison, Indiana, United States"
[P1589],"Harrison, Harrison, Indiana, United States"
[P1589],"Harrison, Harrison, Indiana, United States"
[P1589],"Harrison, Harrison, Indiana, United States"
[P1589],"Harrison, Harrison, Indiana, United States"
[P1589],"Harrison, Harrison, Indiana, United States"
[P1589],"Harrison, Harrison, Indiana, United States"
[P1589],"Harrison, Harrison, Indiana, United States"
[P1589],"Harrison, Harrison, Indiana, United States"
[P1589],"Harrison, Harrison, Indiana, United States"
[P1589],"Harrison, Harrison, Indiana, United States"
[P1589],"Harrison, Harrison, Indiana, United States"
[P1589],"Harrison, Harrison, Indiana, United States"
[P1589],"Harrison, Harrison, Indiana, United States"
[P1589],"Harrison, Harrison, Indiana, United States"
[P1591],"Ashton, Clark, Missouri, United States"
[P1596],"Coeur d'Alene, Kootenai, Idaho, USA"
[P1601],"Lee County, Iowa, USA"
[P1604],"Indiana, United States"
[P1604],"Indiana, United States"
[P1604],"Indiana, United States"
[P1604],"Indiana, United States"
[P1604],"Indiana, United States"
[P1604],"Indiana, United States"
[P1604],"Indiana, United States"
[P1604],"Indiana, United States"
[P1606],", Harrison, Indiana"
[P1607],"Lincoln, Kentucky, United States"
[P1607],"Lincoln, Kentucky, United States"
[P1608],"Knox, Knox, Illinois, United States"
[P1608],"Knox, Knox, Illinois, United States"
[P1609],"Ashton, Clark, Missouri, USA"
[P1610],"Clark, Missouri, USA"
[P1611],"Scotland, Missouri, USA"
[P1618],", Howard, Missouri"
[P1621],"Dos Rios, Mendocino, California"
[P1623],"Los Gatos, Santa Clara, California, United States"
[P1626],"Healdsburg, Sonoma, California, United States"
[P1627],"Ukiah, Ukiah, Mendocino, California, USA"
[P1627],"Ukiah, Ukiah, Mendocino, California, USA"
[P1631],", Mendocino, California, USA"
[P1631],", Mendocino, California, USA"
[P1631],", Mendocino, California, USA"
[P1631],", Mendocino, California, USA"
[P1631],", Mendocino, California, USA"
[P1631],", Mendocino, California, USA"
[P1631],", Mendocino, California, USA"
[P1632],", Klickitat, Washington, USA"
[P1633],"Centralia, Lewis, Washington, USA"
[P1634],"Cloverdale, Sonoma, California, USA"
[P1634],"Cloverdale, Sonoma, California, USA"
[P1635],"Goldendale, Klickitat, Washington, USA"
[P1637],"Montague, Siskiyou, California, USA"
[P1639],"Goldendale, Klickitat, Washington, United States"
[P1640],"Gloucester Co., Virginia"
[P1646],"Bulloch, Georgia, United States"
[P1648],"Prince George's, Maryland, United States"
[P1650],"Lowndes, Georgia, United States"
[P1652],"Plant City, FL"
[P1655],"Tampa, Hillsboro, Florida, United States"
[P1658],"Madison Co., Florida"
[P1659],"Duplin Co., North Carolina"
[P1660],"Telfair, Georgia, United States"
[P1662],"Lee, Madison, Florida, United States"
[P1663],"Lafayette, Florida, United States"
[P1664],"Bradford, Florida, United States"
[P1665],"Ogeechee River, Bulloch, Georgia"
[P1667],"Effingham Co., Georgia"
[P1669],"Emanuel, Georgia, USA"
[P1670],"Madison, Florida, USA"
[P1670],"Madison, Florida, USA"
[P1671],"Bulloch, Georgia, USA"
[P1671],"Bulloch, Georgia, USA"
[P1671],"Bulloch, Georgia, USA"
[P1673],", Duplin, North Carolina"
[P1675],"Sacramento, Truckee, California, USA"
[P1676],"Oakland, Alameda, California, USA"
[P1679],"Livermore, Alameda, California, USA"
[P1681],"Warren, Tennessee, United States"
[P1682],"Murrieta, Riverside, California, USA"
[P1689],"Downey, Los Angeles, California, USA"
[P1691],"Redwood Valley, Mendocino, California, United States of America"
[P1696],"Windsor, Sonoma, California"
[P1698],"Windsor, Sonoma, California, USA"
[P1707],"Eugene, Oregon"
[P1710],"Albany, Benton, Oregon, USA"
[P1713],"Washington, USA"
[P1714],"Milton Freewater, Umatilla, Oregon, United States of America"
[P1716],"Anaheim, Orange, California, USA"
[P1717],"Murrieta, Riverside, California, United States"
[P1717],"Murrieta, Riverside, California, United States"
[P1717],"Murrieta, Riverside, California, United States"
[P1721],"Placer, California"
[P1728],"Yorkville, Mendocino, California"
[P1730],"Riverside, Riverside, California, United States"
[P1730],"Riverside, Riverside, California, United States"
[P1731],"San Diego, San Diego, California, United States"
[P1732],"San Joaquin, California, United States"
[P1733],"Elsinore, Riverside, California, United States"
[P1735],"San Francisco, San Francisco, Ca"
[P1737],"Sacramento, Sacramento, California"
[P1753],"Sanford, Seminole County, Florida"
[P1754],"Crescent City, FL"
[P1755],"Barberville, Volusia, FL"
[P1758],"DeLand, Volusia, FL"
[P1761],"Wayne Co., Georgia"
[P1761],"Wayne Co., Georgia"
[P1762],"Taylors Creek, Georgia"
[P1764],Georgia USA
[P1767],"Baxter Cemetery - Riceboro, Liberty Co, Georgia"
[P1770],"Long, Georgia, USA"
[P1772],"Greene Co., Mississippi"
[P1775],"Midway, Liberty, GA"
[P1776],"Midway, Liberty, Georgia, United States"
[P1776],"Midway, Liberty, Georgia, United States"
[P1776],"Midway, Liberty, Georgia, United States"
[P1778],"Georgia, USA"
[P1778],"Georgia, USA"
[P1780],"Thomasville, Thomas, GA, USA"
[P1782],"Gadsden, Florida, United States"
[P1783],"Quincy, Gadsden, Florida, USA"
[P1784],"Palatka, Florida, USA"
[P1785],"Havana, Hale, Alabama, USA"
[P1786],"Volusia now, Brevard, Florida, USA"
[P1788],"McIntosh County, GA, USA"
[P1789],"Burke Co., Georgia"
[P1791],"Contra Costa County, California"
[P1792],"Butte, California"
[P1793],"Covelo, Round Valley, Mendocino, California, USA"
[P1793],"Covelo, Round Valley, Mendocino, California, USA"
[P1793],"Covelo, Round Valley, Mendocino, California, USA"
[P1793],"Covelo, Round Valley, Mendocino, California, USA"
[P1794],"Dos Rios, Mendocino, California, USA"
[P1795],"Covelo, Mendocino, California, USA"
[P1795],"Covelo, Mendocino, California, USA"
[P1795],"Covelo, Mendocino, California, USA"
[P1795],"Covelo, Mendocino, California, USA"
[P1797],"Covelo, Mendocino, California, United States of America"
[P1799],"Fernley, Lyon, Nevada, USA"
[P1801],", Sonoma, California, USA"
[P1806],", Shasta, California, USA"
[P1807],", Fresno, California, USA"
[P1812],"Willits, Mendocino, California, United States,"
[P1814],"Willits, Little Lake, Mendocino, California, USA"
[P1816],"Fresno, Fresno Co, CA"
[P1820],"San Diego, San Diego, California, United States of America"
[P1822],"Salem, Massachusetts, USA"
[P1823],"Lost at sea, Africn Gld Coast"
[P1828],"Riverside, California"
[P1830],"Jackson, Oregon"
[P1831],"Orange, California"
[P1833],"Salem, Essex, Massachusetts, United States"
[P1833],"Salem, Essex, Massachusetts, United States"
[P1838],"Weymouth, Norfolk, Massachusetts"
[P1838],"Weymouth, Norfolk, Massachusetts"
[P1839],"Braintree, Norfolk, Massachusetts"
[P1839],"Braintree, Norfolk, Massachusetts"
[P1840],"Weymouth, Norfolk, Massachusetts, United States"
[P1842],"Missouri City, Fort Bend, Texas, United States"
[P1842],"Missouri City, Fort Bend, Texas, United States"
[P1844],"Kellogsville, Ohio, United States"
[P1846],"Ashby, Middlesex, Massachusetts, United States"
[P1847],"Acton, Middlesex, Massachusetts, United States"
[P1848],"Rutland, Worcester, Massachusetts, United States"
[P1850],"Concord, Ma."
[P1850],"Concord, Ma."
[P1850],"Concord, Ma."
[P1852],"Beverly, Massachusetts, USA"
[P1852],"Beverly, Massachusetts, USA"
[P1859],"Monmouth, Polk, Oregon, USA"
[P1861],", Polk, Oregon, USA"
[P1861],", Polk, Oregon, USA"
[P1863],"Dillon, Beaverhead, Montana, USA"
[P1864],"Camas, Clark, Washington, USA"
[P1869],"Tug River, , Tazewell, Virginia"
[P1872],"Tazewell, Tazewell, Virginia"
[P1876],"Floyd, Indiana, United States"
[P1876],"Floyd, Indiana, United States"
[P1876],"Floyd, Indiana, United States"
[P1877],"Mount Vernon, Posey, Indiana, United States"
[P1880],"Llano, Llano, Texas, United States"
[P1880],"Llano, Llano, Texas, United States"
[P1880],"Llano, Llano, Texas, United States"
[P1883],Texas
[P1889],"Dundee, Kane, Illinois, United States"
[P1889],"Dundee, Kane, Illinois, United States"
[P1889],"Dundee, Kane, Illinois, United States"
[P1891],"Kansas, United States"
[P1892],"Barksdale, Edwards, Texas, United States"
[P1893],"Lawrence, Douglas, Kansas, United States"
[P1893],"Lawrence, Douglas, Kansas, United States"
[P1894],"Texas, United States"
[P1896],"St Louis, St Louis, Missouri, United States"
[P1897],"Walnut, Bureau, Illinois, United States"
[P1899],"Atascosa, Texas, United States"
[P1900],"Ukiah, Mendocino, California, United States of America"
[P1906],"Kent Co., England"
[P1913],"East Greenwich, Kent, England"
[P1915],Scotland
[P1915],Scotland
[P1915],Scotland
[P1916],"Elizabeth City Co., Virginia"
[P1917],"Pitt County, North Carolina"
[P1918],"Alameda, Alameda, California, United States"
[P1923],", Jackson, Missouri"
[P1924],", Jasper, Missouri"
[P1925],"Mendocino Co., California"
[P1925],"Mendocino Co., California"
[P1927],"Perry Township, Muskingum Co., Ohio"
[P1927],"Perry Township, Muskingum Co., Ohio"
[P1927],"Perry Township, Muskingum Co., Ohio"
[P1927],"Perry Township, Muskingum Co., Ohio"
[P1927],"Perry Township, Muskingum Co., Ohio"
[P1927],"Perry Township, Muskingum Co., Ohio"
[P1927],"Perry Township, Muskingum Co., Ohio"
[P1927],"Perry Township, Muskingum Co., Ohio"
[P1927],"Perry Township, Muskingum Co., Ohio"
[P1928],"Malibu Canyon, California"
[P1929],"Glenn, Mississippi"
[P1937],"Neodesha, Kansas"
[P1939],"Jacksonville, Florida"
[P1943],"St. Joseph, Missouri"
[P1944],"Walla Walla, Washington"
[P1945],"Jackson Township, Randolph Co., Indiana"
[P1949],"White Cloud, Harrison, Indiana, United States"
[P1950],"Knox, Illinois, United States"
[P1951],"Nassau, Deggendorf, Bayern, Germany"
[P1954],"Strasburg, Shenandoah, Virginia, United States"
[P1954],"Strasburg, Shenandoah, Virginia, United States"
[P1954],"Strasburg, Shenandoah, Virginia, United States"
[P1956],"Glynn, Georgia, United States"
[P1958],"Toombs, Georgia, United States"
[P1959],"Jacksonville, Duval, Florida, United States"
[P1959],"Jacksonville, Duval, Florida, United States"
[P1959],"Jacksonville, Duval, Florida, United States"
[P1960],"Clinch, Georgia, United States"
[P1973],",, Virginia"
[P1976],Northern Ireland
[P1977],"Newry, Northern Ireland"
[P1977],"Newry, Northern Ireland"
[P1980],"Barony of Newry, County Down, Northern Ireland"
[P1983],"Fauquier, Virginia"
[P1984],"Sheepbridge, Newry, Down Co., Ireland"
[P1988],"Wichita, Sedgwick Co., Kansas"
[P1991],"San Diego, San Diego Co., California"
[P1991],"San Diego, San Diego Co., California"
[P1994],"Jefferson City, Jefferson, Montana, United States"
[P1997],"Fish Creek, Jefferson, Montana, United States"
[P1999],"Waterloo, Madison, Montana, United States"
[P1999],"Waterloo, Madison, Montana, United States"
[P2001],"Helena, Lewis and Clark, Montana, United States"
[P2004],"Jefferson, Missouri, United States"
[P2006],", Jackson, Missouri?"
[P2016],"Fayetteville, Cumberland, North Carolina"
[P2018],"Schuyler County, IL"
[P2020],"Kingston, Adams, IL"
[P2022],"Bambridge, Schuyler, Illinois"
[P2027],", Rowen, North Carolina"
[P2027],", Rowen, North Carolina"
[P2031],"Frederick Co., Virginia"
[P2031],"Frederick Co., Virginia"
[P2033],"Strasburg, Frederick, Virginia, United States"
[P2034],"Scott City, Harrison, Indiana, United States"
[P2036],"Shenandoah, Virginia, United States"
[P2036],"Shenandoah, Virginia, United States"
[P2036],"Shenandoah, Virginia, United States"
[P2038],"Framersheim, Alzey-Worms, Rheinland-Pfalz, Germany"
[P2038],"Framersheim, Alzey-Worms, Rheinland-Pfalz, Germany"
[P2040],"McGirk, Moniteau, Missouri, United States"
[P2040],"McGirk, Moniteau, Missouri, United States"
[P2042],"Cass, Missouri, United States"
[P2043],"Branscomb, Mendocino, California, United States"
[P2045],"Visalia, Tulare, California, United States"
[P2045],"Visalia, Tulare, California, United States"
[P2046],"Madera, Madera, California, United States"
[P2046],"Madera, Madera, California, United States"
[P2047],"Cole Co., Missouri"
[P2049],"Inyo, California, United States"
[P2050],"Cole, Missouri, United States"
[P2051],"Campbell, Tennessee, United States"
[P2053],"Napa, Napa, California, United States"
[P2054],"Covelo, Mendocino, California, United States"
[P2062],"Patomac River, Washington DC"
[P2064],"Augusta Co., Pennsylvania"
[P2068],"Woods Run, Allegheny Co., Pennslyvania"
[P2072],"Bolivar, Westmorland Co., Pennsylvania"
[P2073],"Hogmanay, Scotland"
[P2076],"BELSEN, SCHWARTZWALD, WURTTEMBERG"
[P2081],"Washington, Indiana, United States"
[P2082],"Perry County, Indiana, USA"
[P2085],"Perry, Indiana, United States"
[P2090],"Clay City, Clay, Illinois, United States"
[P2090],"Clay City, Clay, Illinois, United States"
[P2092],"Owen, Indiana, United States"
[P2092],"Owen, Indiana, United States"
[P2092],"Owen, Indiana, United States"
[P2094],"Franklin, Owen, Indiana, United States"
[P2099],"Tatnall, Georgia, United States"
[P2099],"Tatnall, Georgia, United States"
[P2101],"Winchester, Frederick, Virginia, United States"
[P2102],"Lake City, Columbia, Florida, United States"
[P2103],"Laurens, Georgia, United States"
[P2104],"Barnwell, Barnwell, South Carolina, United States"
[P2107],"Orangeburg, Orangeburg, South Carolina, United States"
[P2108],"Washington Co., Georgia"
[P2115],"Seville, Volusia, Florida, USA"
[P2119],"Tattnall County, Georgia 30438"
[P2119],"Tattnall County, Georgia 30438"
[P2123],"W. Sinking Springs, Washington Co., TN"
[P2126],"Chester, Delaware, Pennsylvania"
[P2129],"Kaskaskia, Randolph, Illinois, United States"
[P2131],"Lewis, Kentucky, United States"
[P2133],"Hanover, Washington, Pennsylvania, United States"
[P2134],"Pennsylvania, United States"
[P2135],"Illinois, United States"
[P2135],"Illinois, United States"
[P2137],"Spencer County, Kentucky, USA"
[P2139],"Steubenville, Jefferson, Ohio, United States"
[P2140],"Salem, Salem, New Jersey, United States"
[P2140],"Salem, Salem, New Jersey, United States"
[P2143],"Mendon, Massachusetts"
[P2143],"Mendon, Massachusetts"
[P2148],"Albion, Kennebec, Maine, United States"
[P2149],"Center Junction, Jones, Iowa, United States"
[P2150],"Cook, Illinois, United States"
[P2151],"Brooklyn, Kings, New York, United States"
[P2152],"Orono, Penobscot, Maine, United States"
[P2153],"Cambridge, Middlesex, Massachusetts, United States"
[P2154],"Alton, Madison, Illinois, United States"
[P2158],"Swanville, Waldo, Maine, United States"
[P2158],"Swanville, Waldo, Maine, United States"
[P2160],"Sheboygan, Sheboygan, Wisconsin, United States"
[P2162],"Waldoboro, Lincoln, Maine, United States"
[P2163],"Belfast, Waldo, Maine, United States"
[P2164],"Camden, Camden, New Jersey, United States"
[P2165],"Searsmont, Waldo, Maine, United States"
[P2166],"Ogle, Illinois, United States"
[P2167],"Thorndike, Waldo, ME"
[P2170],"Oakland, Kennebec, Maine, United States"
[P2171],"Peru, Oxford, Maine, United States"
[P2173],"Maumee, Lucas, Ohio, USA"
[P2175],"Lafayette, Allen, Ohio, United States"
[P2176],"Racine, Wisconsin, United States"
[P2178],"Freedom, Waldo, Maine, USA"
[P2179],"Kansas City, Clay, Missouri, United States"
[P2182],"Enfield, Penobscot, Maine, United States"
[P2183],"Griswoldville, Georgia, United States"
[P2184],"Gloucester, Essex, Massachusetts, USA"
[P2184],"Gloucester, Essex, Massachusetts, USA"
[P2184],"Gloucester, Essex, Massachusetts, USA"
[P2184],"Gloucester, Essex, Massachusetts, USA"
[P2185],"Old Gloucester, Essex, Massachusetts, USA"
[P2186],"Waterville, Kennebec, Maine, United States"
[P2186],"Waterville, Kennebec, Maine, United States"
[P2187],"Harpswell, Cumberland, Maine, United States"
[P2191],Cushing Oklahoma
[P2194],"Walthourville, Liberty, Georgia, USA"
[P2196],"Thomaston, Knox, Maine, United States"
[P2198],"Westmoreland Co., England"
[P2199],"Isle of Wight Co., Virginia"
[P2200],"Edgecombe, Edgecombe, North Carolina, United States"
[P2201],"Bertie Co., North Carolina"
[P2202],"South Carolina, United States"
[P2202],"South Carolina, United States"
[P2204],"Northampton, Virginia"
[P2207],"Robeson Co., North Carolina"
[P2213],"Branwell Co., South CArolina"
[P2216],"Pierce Co., Georgia"
[P2216],"Pierce Co., Georgia"
[P2225],"Orange, Florida, United States"
[P2227],", Garrard, Kentucky"
[P2234],"Burke, NY"
[P2236],", St. Lawrence Co., NY"
[P2237],"Oswegatchie, St. Lawrence, NY"
[P2238],"Jacksonville, Morgan, Illinois"
[P2241],"Geneva Lake, WI"
[P2246],"Castile, Wyo, NY"
[P2253],"Nine Partners, Dutchess, New York"
[P2261],"San Bernardino, San Bernardino, CA"
[P2265],", Rowan, North Carolina ?"
[P2268],"Canaan, Columbia, New York"
[P2271],"Kingsboro, NY"
[P2277],"Oswegatchie, St. Law, New York"
[P2284],"Hillier, Ontario"
[P2286],", Rowan, NC"
[P2297],"Pembrey, Carmarthen, Wales"
[P2302],", Wilkes Co, NC"
[P2305],"Pittsburg, Pennsylvania"
[P2307],"Butler Co., Pensylvania"
[P2309],"Charing Cross, London, England"
[P2310],"Brandon, Surry Co., Virginia"
[P2311],"Berkeley, Charles City County, Virginia"
[P2314],"Lexington, Rockbridge Co., Virginia"
[P2315],"St Patrick'S Graveyard, Newry, Down, Ireland"
[P2317],"Jasper, Jasper, Missouri, United States"
[P2319],"Ditt, Taney, Missouri, United States"
[P2319],"Ditt, Taney, Missouri, United States"
[P2320],"Independence, Jasper, Missouri, United States"
[P2321],"Johnstown, Licking, Ohio, United States"
[P2322],"Monroe, Licking, Ohio, United States"
[P2323],"Maryland, United States"
[P2326],"Berkeley, West Virginia, United States"
[P2327],"Spanish Fork, Utah, Utah, United States"
[P2329],"Millcreek, Salt Lake, Utah Territory, United States"
[P2332],"Hyattsville, Prince Georges, Maryland, United States of America"
[P2333],"Oskaloosa, Mahaska, Iowa, United States of America"
[P2341],"Mountain View, Santa Clara, California, USA"
[P2344],"San Francisco, California, United States"
[P2348],"Palo Alto, Santa Clara, California, United States of America"
[P2351],"George West, Live Oak, Texas, USA"
[P2353],"Beeville, , Texas, USA"
[P2358],"Kodiak, Kodiak Island, Alaska, USA"
[P2359],"Castle Rock, Cowlitz, Washington, USA"
[P2362],"Windsor, Kennebec, Maine, United States of America"
[P2366],"Waterville, Kennebec, Maine"
[P2368],", Live Oak, Texas, USA"
[P2370],"Oakville, Live Oak, Texas, USA"
[P2370],"Oakville, Live Oak, Texas, USA"
[P2370],"Oakville, Live Oak, Texas, USA"
[P2372],"Campbellton, Atascosa, Texas, United States"
[P2375],"Lampasas, Lampasas, Texas, United States"
[P2377],"Nueces, Texas, United States"
[P2379],"Stockdale, , Texas, USA"
[P2380],"Stockdale, Wilson, Texas, United States"
[P2382],"Duncan, Greenlee, Arizona, USA"
[P2388],"Bakersfield, Kern, California, USA,"
[P2392],", Washita, Oklahoma, USA"
[P2396],"Leedy, Dewey, Oklahoma, USA"
[P2399],"Three Rivers, Live Oak, Texas, USA"
[P2402],"Montgomery County, North Carolina, USA"
[P2404],"Oklahoma City, Oklahoma, Oklahoma, United States"
[P2404],"Oklahoma City, Oklahoma, Oklahoma, United States"
[P2407],"Cordell, Washita, OK"
[P2410],"Lone Star, Calhoun, South Carolina, USA"
[P2411],"Dill City, Washita, Oklahoma, USA"
[P2413],"Ophir, Montgomery, North Carolina, United States"
[P2418],"Wanette, Pottawatomie, Oklahoma, USA"
[P2418],"Wanette, Pottawatomie, Oklahoma, USA"
[P2419],", Lewis, Missouri, USA"
[P2422],"George West, Oak, Texas, USA"
[P2422],"George West, Oak, Texas, USA"
[P2422],"George West, Oak, Texas, USA"
[P2424],"Ada, Pontotoc, Oklahoma, USA"
[P2426],"Shawnee, Pottawatomie, Oklahoma, USA"
[P2428],", Eastland, Texas"
[P2430],"Athens, Henderson, Texas, United States of America"
[P2433],"Rosharon, Brazoria, Texas, USA"
[P2435],"Pearsall, Frio, Texas, United States"
[P2442],"Henderson, , Texas, USA"
[P2444],"Anderson, Shasta, California, United States"
[P2447],"Randolph, Norfolk, Ma"
[P2448],"Lincolnville, Waldo, Maine"
[P2448],"Lincolnville, Waldo, Maine"
[P2449],"Lincolnville, Waldo, Maine, Ma"
[P2451],"Braintree, Norfolk, Mass"
[P2452],"Stoughton, Norfolk, Mass"
[P2453],"Dedham, Norfolk, Massachusetts, United States"
[P2454],"Randolph, Norfolk, Massachusetts, United States"
[P2454],"Randolph, Norfolk, Massachusetts, United States"
[P2455],"Spencer, Worcester, Massachusetts, United States"
[P2457],"Scituate, Plymouth, Massachusetts, USA"
[P2457],"Scituate, Plymouth, Massachusetts, USA"
[P2460],"Belleville, St Clair, Illinois, United States"
[P2461],"Botetourt, Virginia, United States"
[P2463],"Montgomery, Montgomery, Maryland, United States"
[P2463],"Montgomery, Montgomery, Maryland, United States"
[P2465],"Chico, Butte, California, United States of America,"
[P2467],", Yolo, California, USA"
[P2470],"Butte, California, United States,"
[P2473],"Thomasville, Davidson, North Carolina, USA"
[P2475],", Randolph, North Carolina"
[P2477],"Botetourt Co., Virginia"
[P2481],"Salem, Essex, Massachusetts, USA"
[P2483],"Beverly, Essex, Massachusetts, USA"
[P2484],"Bilboa, Spain"
[P2485],"Clay County, Illinois"
[P2486],"Clay County, Illinois, USA"
[P2489],"Kinmondy, Marion County, Illinois"
[P2491],"Flora, Clay County, Illinois"
[P2492],"Winfield, Cowley, Kansas, United States"
[P2493],"Coyville, Wilson, Kansas, United States"
[P2494],"Lawrence, Illinois, USA"
[P2495],"Shenandoah, Virginia, USA"
[P2496],"Crawford, Indiana, USA"
[P2497],"Edinberg, Shenandoah, Virginia, USA"
[P2498],"Bentonville, Warren, Virginia, USA"
[P2500],"Warren, Virginia, USA"
[P2506],"Lancaster, Pennsylvania, United States"
[P2506],"Lancaster, Pennsylvania, United States"
[P2510],"Woodstock, Shenandoah, Virginia, USA"
[P2512],"Plover, Portage, Wisconsin, United States"
[P2515],"Marshfield, Wisconsin, United States"
[P2517],"Miller, Missouri, United States"
[P2517],"Miller, Missouri, United States"
[P2522],"Phelan, San Bernardino, California, United States"
[P2523],"Tulsa, Tulsa, Oklahoma, United States of America"
[P2524],"Lawrenceville, Clayton, Georgia, United States"
[P2525],"San Bernardino, San Bernardino, California, United States"
[P2528],"Redding, Shasta, California"
[P2531],"Red Bluff, Tehema, California"
[P2533],"Hunterdon County, New Jersey, United States."
[P2534],"Amwell, Hunterdon, New Jersey, United States"
[P2534],"Amwell, Hunterdon, New Jersey, United States"
[P2534],"Amwell, Hunterdon, New Jersey, United States"
[P2535],"Red Stone, Fayette, Pennsylvania, United States"
[P2537],", Gallia, Ohio, USA"
[P2539],"Franklin Township, Fayette, Pennsylvania, United States"
[P2541],"Menallen, Fayette, Pennsylvania, United States"
[P2542],"Menallen, Fayette, Pennsylvania, USA"
[P2542],"Menallen, Fayette, Pennsylvania, USA"
[P2543],"Redstone Fort, Fayette, Pennsylvania, United States"
[P2546],"Jefferson County, Indiana, United States of America"
[P2546],"Jefferson County, Indiana, United States of America"
[P2549],"Fairmont, Marion, West Virginia, United States"
[P2561],"St Clair, Franklin, Missouri, United States"
[P2562],"Montgomery, Virginia, United States"
[P2563],"Clay, Illinois, United States"
[P2565],"Newbern, Pulaski, Virginia, United States"
[P2567],"Marion, Ralls, Missouri, United States"
[P2568],"Montgomery City, Montgomery, Missouri, United States"
[P2569],"Monroe, Amherst, Virginia, United States"
[P2569],"Monroe, Amherst, Virginia, United States"
[P2574],"Halifax, Dauphin, Pennsylvania, United States"
[P2576],"Frederick, Maryland, United States"
[P2582],Los Angeles
[P2582],Los Angeles
[P2582],Los Angeles
[P2583],"Fayette, Georgia, United States"
[P2583],"Fayette, Georgia, United States"
[P2583],"Fayette, Georgia, United States"
[P2583],"Fayette, Georgia, United States"
[P2583],"Fayette, Georgia, United States"
[P2583],"Fayette, Georgia, United States"
[P2590],"Union, Union, South Carolina, United States"
[P2590],"Union, Union, South Carolina, United States"
[P2591],"Clayton, Georgia, United States"
[P2592],"Weakley, Tennessee, United States"
[P2593],"Green, Alabama, United States"
[P2594],"Coosa, Alabama, United States"
[P2595],"Bushy Park, Middlesex, Virginia, USA"
[P2597],"Middlesex, Virginia, USA"
[P2600],"Mendon, Cache, UT"
[P2602],"Petersboro, Cache, Utah, United States"
[P2603],"Smithfield, Cache, Utah, United States"
[P2604],"Nyssa, Malheur, Oregon, United States"
[P2605],Cache
[P2605],Cache
[P2606],"Hawthorne, Los Angeles, California, United States of America"
[P2607],"Clifton, Franklin, Idaho, USA"
[P2608],"Pocatello, Bannock, Idaho, United States"
[P2610],"Logan, Cache, Ut"
[P2611],"MENDON, CACHE, UTAH"
[P2612],"Malad, Oneida, ID"
[P2614],"Murry, Salt Lake, UT"
[P2632],"Murray, Salt Lake County, Utah, USA"
[P2634],", Salt Lake City, Salt Lake, Utah"
[P2637],"Montana, USA"
[P2640],"Alameda, California"
[P2641],"Santa Rosa,, NM"
[P2645],"Abc Hospital, Mexico City, Mexico"
[P2646],"San Antonio, Bejar Co., TX"
[P2648],"Straub Hospital, Honolulu, HI"
[P2650],",, TX"
[P2652],"National City, San Diego, CA"
[P2654],"National City, San Diego Co, California"
[P2656],"Jacksonville, Duval County, Florida, USA"
[P2661],"Lexington, Virginia, United States"
[P2666],"Hollywood, Los Angeles County, California, USA"
[P2672],"Garden Valley, El Dorado, California, USA"
[P2674],"Sichuan, China"
[P2676],"Encinitas, San Diego County, California, USA"
[P2683],"Orange., California"
[P2686],"Fallbrook, San Diego County, California, USA"
[P2692],"La Habra Heights, Los Angeles County, California, USA"
[P2693],St Louis Co  MO 
[P2695],"Fridley, Anoka, Minnesota, United States"
[P2697],"Delano, Kern County, California"
[P2707],"Los Angeles,Los Angeles,California"
[P2709],", Montgomery, MO"
[P2710],"Bakersfield, Kern, California, United States"
[P2712],"Tulare County, California"
[P2714],"Modesto, Stanislaus, California, United States"
[P2716],"Colton, San Bernardino, California, United States"
[P2725],", Orange County, California"
[P2726],"San Bernardino,San Bernardino,Ca"
[P2728],"Preston,,Lancashire,England"
[P2734],"Manchester, Lancashire, England, United Kingdom"
[P2736],"Preston, Lancashire, England, United Kingdom"
[P2737],"Preston,Lancashire,England, United Kingdom"
[P2740],"Kirkham, Lancashire, England, United Kingdom"
[P2745],"Wood-Plumpton, Lancashire, England, United Kingdom"
[P2746],",England"
[P2750],"St. Mary's Church, Rufford, Lancashire, England"
[P2752],"Lancashire, England"
[P2753],"England, United Kingdom"
[P2763],", Orange, Virginia"
[P2763],", Orange, Virginia"
[P2766],",, Pennsylvania"
[P2768],"Deerfield, Frederick, Maryland, United States"
[P2772],"Berwick Township, York County, PA"
[P2775],"Enders, Dauphin, Pennsylvania, United States"
[P2776],"Beatrice, Gage, Nebraska, USA"
[P2776],"Beatrice, Gage, Nebraska, USA"
[P2776],"Beatrice, Gage, Nebraska, USA"
[P2779],"New London, Frederick, Maryland, USA"
[P2782],"Flohrville, Carroll, Maryland, USA"
[P2783],"Frederick, Maryland, USA"
[P2783],"Frederick, Maryland, USA"
[P2783],"Frederick, Maryland, USA"
[P2784],"Jackson, Missouri, United States"
[P2784],"Jackson, Missouri, United States"
[P2787],"Kansas City, Jackson County, Missouri, USA"
[P2787],"Kansas City, Jackson County, Missouri, USA"
[P2790],KS (Of pneumonia)
[P2798],"Los Angeles,LA,CA"
[P2801],", Kansas City, Jackson Co., Missouri"
[P2805],"San Bernardino County, California"
[P2810],"Grand Rapids, Kent, Michigan, USA"
[P2810],"Grand Rapids, Kent, Michigan, USA"
[P2810],"Grand Rapids, Kent, Michigan, USA"
[P2822],"Seymour, Webster, Missouri"
[P2825],"Versailles, Morgan, Missouri, USA"
[P2827],"Harrisonville, Cass, Missouri, USA"
[P2828],"San Francisco, San Mateo, California"
[P2831],"Pleasant Hill, Cass County, Missouri"
[P2834],"Versailles, Morgan County, Missouri, United States of America"
[P2837],"Tuscumbia, Miller, MO"
[P2838],"California, Moniteau, Missouri"
[P2840],"Pleasant Hill, Cass, MO"
[P2842],"Kansas City Jackson County Missouri, USA"
[P2844],"Scandia, Republic, Kansas, USA"
[P2847],"Germany Township, Adams, Pennsylvania, United States"
[P2847],"Germany Township, Adams, Pennsylvania, United States"
[P2848],"Adams Co, Pennsylvania, USA"
[P2852],"Littlestown, Adams, Pennsylvania, USA"
[P2852],"Littlestown, Adams, Pennsylvania, USA"
[P2854],"McSherrystown, Adams, Pennsylvania, USA"
[P2855],"Littlestown, Adams, Pennsylvania"
[P2855],"Littlestown, Adams, Pennsylvania"
[P2864],"Baltimore, Baltimore, Maryland, USA"
[P2869],"Wellsville, Allegany County, New York"
[P2869],"Wellsville, Allegany County, New York"
[P2871],"Moundsville, Marshall, West Virginia, USA"
[P2872],"Wellsville, Allegany, New York, USA"
[P2874],"Gettysburg, Pennsylvania"
[P2877],"Paradise, York, Pennsylvania, United States"
[P2877],"Paradise, York, Pennsylvania, United States"
[P2881],"Littlestown, Pennsylvania"
[P2886],"Adams, Pennsylvania, United States"
[P2888],"South Bend, St. Joseph County, Indiana, USA"
[P2890],"Brighton, Monroe County, New York, USA"
[P2893],"King and Queen, Virginia, United States"
[P2895],"Essex, Virginia, United States"
[P2896],"Rowan, North Carolina, United States"
[P2896],"Rowan, North Carolina, United States"
[P2898],"Caroline, Colony of Virginia, British Colonial America"
[P2900],"Hanover, Hanover, Virginia, United States"
[P2901],"Overwharton Parish, Stafford, Virginia, British Colonial America"
[P2904],"Stafford, Stafford, Virginia, United States"
[P2905],"Essex, Virginia Colony"
[P2906],"King and Queen County, Virginia"
[P2908],"Stevensville, King and Queen County, Colony of Virginia, British Colonial America"
[P2910],"Jamestown, James City, Virginia, United States"
[P2911],"Virginia, United States, United States"
[P2919],"Hampton Parish, York, Virginia, United States"
[P2920],"Colony, Amherst, Virginia, British Colonial America"
[P2921],"St. Mary's Parish, Richmond, Virginia, United States"
[P2924],"Kelvedon, Essex, England"
[P2924],"Kelvedon, Essex, England"
[P2934],"Capitola, Santa Cruz, California, United States of America"
[P2937],"Sacramento, Sacramento Co. CA"
[P2937],"Sacramento, Sacramento Co. CA"
[P2945],"Orland, Glenn Co. CA"
[P2945],"Orland, Glenn Co. CA"
[P2949],"Lexington, Lafayette County, Missouri, United States of America"
[P2951],"Saint Louis, Saint Louis, Missouri, USA"
[P2954],"Cincinnati, Hamilton, Ohio, USA"
[P2956],"San Diego, California, USA"
[P2958],"Fayetteville, Washington, Arkansas, USA"
[P2958],"Fayetteville, Washington, Arkansas, USA"
[P2965],"Rockbridge, Virginia, USA"
[P2967],"Charles City, Virginia, United States"
[P2968],"Charles City, Virginia, USA"
[P2969],"Charles City, Charles City, Virginia, USA"
[P2971],"Charlottesville, Albemarle, Virginia, USA"
[P2973],"Norfolk City, Virginia, USA"
[P2975],"Charles City, Charles, Virginia, USA"
[P2977],"Gift, Alcorn County, Mississippi, United States of America"
[P2978],"Corinth, Alcorn, Mississippi, USA"
[P2978],"Corinth, Alcorn, Mississippi, USA"
[P2978],"Corinth, Alcorn, Mississippi, USA"
[P2979],"Alcorn, Mississippi, USA"
[P2979],"Alcorn, Mississippi, USA"
[P2980],"Corinth, Adams, Mississippi, USA"
[P2980],"Corinth, Adams, Mississippi, USA"
[P2980],"Corinth, Adams, Mississippi, USA"
[P2980],"Corinth, Adams, Mississippi, USA"
[P2980],"Corinth, Adams, Mississippi, USA"
[P2983],"Corinth, Alcorn, Mississippi, United States"
[P2985],"Middleton, Hardeman, Tennessee, USA"
[P2987],"North Chattanooga, Hamilton County, Tennessee, United States of America"
[P2988],"Chattanooga, Hamilton County, Tennessee, United States of America"
[P2989],"Memphis, Shelby County, Tennessee, United States of America"
[P2990],"Chattanooga, Hamilton, Tennessee, USA"
[P2993],"Orange, California, USA"
[P2998],"Hawaii, USA"
[P3007],"Barton, Missouri, USA"
[P3009],"Laguna Niguel, Orange, California, USA"
[P3012],"Honolulu, Honolulu, Hawaii, USA"
[P3012],"Honolulu, Honolulu, Hawaii, USA"
[P3012],"Honolulu, Honolulu, Hawaii, USA"
[P3018],Disappeared about Feb 1861
[P3020],"Osmond, Pierce, Nebraska, United States"
[P3022],"Springville, Utah, Utah, USA"
[P3027],"Springville, Utah County, Utah, United States of America"
[P3032],"Prob., Summit, Utah, USA"
[P3033],"Montgomery, Missouri"
[P3035],"Bates County, Missouri, United States of America"
[P3039],"Montgomery City, Montgomery County, Missouri, United States of America"
[P3040],"Montgomery City, Montgomery Co MO"
[P3041],"Fayette County, Pennsylvania, United States of America"
[P3041],"Fayette County, Pennsylvania, United States of America"
[P3042],"Greenup County, Kentucky, United States of America"
[P3042],"Greenup County, Kentucky, United States of America"
[P3042],"Greenup County, Kentucky, United States of America"
[P3042],"Greenup County, Kentucky, United States of America"
[P3042],"Greenup County, Kentucky, United States of America"
[P3044],"Greenup, Kentucky, USA"
[P3048],"Talladega County, Alabama, United States of America"
[P3050],"Fisherville, Jefferson, Kentucky, United States"
[P3053],"Franklin, Johnson, Indiana, United States"
[P3055],"Ripley, Indiana, United States, "
[P3056],"Calaveras, California, United States"
[P3060],"Jefferson, Indiana, United States"
[P3062],"Jefferson County, Indiana"
[P3072],"Thurston, Walnut Township, Fairfield County, Ohio, USA"
[P3073],"New Salem, Fairfield, Ohio, USA"
[P3077],"Los Angeles, CA, USA"
[P3079],"Ewing, Hunterdon, New Jersey, United States"
[P3080],"New Brunswick, Middlesex, New Jersey, United States"
[P3081],"Amwell Tp, Hunterdon, New Jersey, United States"
[P3082],"New Jersey, United States"
[P3084],"New Orleans, Orleans Parrish, Louisiana, United States"
[P3085],"Trenton, Mercer, New Jersey, United States"
[P3085],"Trenton, Mercer, New Jersey, United States"
[P3086],"Long Point Cove, Livingston County, New York, United States of America"
[P3090],"Ewing, Mercer, New Jersey, USA"
[P3092],"Knox, Ohio, United States"
[P3093],"Fayette, Pennsylvania, USA"
[P3094],"Fairmont, Marion, West Virginia, USA"
[P3095],"Marion, West Virginia, USA"
[P3096],"Fayette City, Fayette, Pennsylvania, United States"
[P3096],"Fayette City, Fayette, Pennsylvania, United States"
[P3096],"Fayette City, Fayette, Pennsylvania, United States"
[P3096],"Fayette City, Fayette, Pennsylvania, United States"
[P3096],"Fayette City, Fayette, Pennsylvania, United States"
[P3096],"Fayette City, Fayette, Pennsylvania, United States"
[P3096],"Fayette City, Fayette, Pennsylvania, United States"
[P3097],"Marion, West Virginia, United States"
[P3098],"Fayette County, Pennsylvania, USA"
[P3099],"Franklin Township, Fayette County, Pennsylvania, USA"
[P3100],"Fayette City, Fayette, Pennsylvania, USA"
[P3100],"Fayette City, Fayette, Pennsylvania, USA"
[P3100],"Fayette City, Fayette, Pennsylvania, USA"
[P3100],"Fayette City, Fayette, Pennsylvania, USA"
[P3101],"Franklin, Fayette, Pennsylvania, USA"
[P3101],"Franklin, Fayette, Pennsylvania, USA"
[P3101],"Franklin, Fayette, Pennsylvania, USA"
[P3101],"Franklin, Fayette, Pennsylvania, USA"
[P3101],"Franklin, Fayette, Pennsylvania, USA"
[P3102],"Fayette Co., Pennsylvania"
[P3102],"Fayette Co., Pennsylvania"
[P3102],"Fayette Co., Pennsylvania"
[P3103],"Fayette, Fayette, Alabama, United States"
[P3106],"Smock,  Fayette,  Pennsylvania,  United States"
[P3108],"Brownsville, Fayette County, Pennsylvania, United States of America"
[P3109],"Marklesburg, Huntingdon Co, Pennsylvania"
[P3110],"East Huntingdon, Westmoreland, Pennsylvania, USA"
[P3110],"East Huntingdon, Westmoreland, Pennsylvania, USA"
[P3110],"East Huntingdon, Westmoreland, Pennsylvania, USA"
[P3112],"Smock, Franklin Township, Fayette County, Pennsylvania"
[P3112],"Smock, Franklin Township, Fayette County, Pennsylvania"
[P3114],"Fayette County, Pennsylvania, United States"
[P3116],"South Union, Fayette, Pennsylvania, USA"
[P3118],"Fayette County, Pennsylvania, USA,"
[P3121],"Waltersburg, Fayette, Pa, USA"
[P3121],"Waltersburg, Fayette, Pa, USA"
[P3121],"Waltersburg, Fayette, Pa, USA"
[P3121],"Waltersburg, Fayette, Pa, USA"
[P3123],"Greensburg, Westmoreland, Pennsylvania"
[P3123],"Greensburg, Westmoreland, Pennsylvania"
[P3124],"Smock, Fayette County, Pennsylvania, USA"
[P3125],"Charleroi, Washington, Pennsylvania"
[P3126],"Greensburg, Westmoreland, Pennsylvania, United States"
[P3127],"Charleroi,Washington County, Pennsylvania,USA"
[P3128],"New Eagle, Washington County, Pennsylvania, USA"
[P3129],"Charleroi, Washington, Pennsylvania, United States of America"
[P3130],"Greensburg, Westmoreland, Pennsylvania, USA"
[P3130],"Greensburg, Westmoreland, Pennsylvania, USA"
[P3134],"Akron, Summit, Ohio, USA"
[P3138],"Hernando County, Florida, USA"
[P3138],"Hernando County, Florida, USA"
[P3142],"Indiana, Indiana, Pennsylvania, USA"
[P3142],"Indiana, Indiana, Pennsylvania, USA"
[P3144],"Lower Tyrone, Fayette, Pennsylvania, USA"
[P3146],"Pittsburgh, Allegheny, Pennsylvania, USA"
[P3147],"Indiana, Indiana, Pennsylvania, United States of America"
[P3152],"Brownsville, Fayette, Pennsylvania, USA"
[P3154],"Raleigh, Wake, North Carolina, USA"
[P3156],"Brooksville, Hernando, Florida, USA"
[P3160],"Blairsville, Indiana, Pennsylvania"
[P3161],"Creekside, Indiana, Pennsylvania, United States of America"
[P3163],"Indiana, Indiana County, Pennsylvania, USA"
[P3164],WWI France Spanish Influenza
[P3171],"Philadelphia, , Pennsylvania, USA"
[P3173],"Waltersburg, Fayette, Pennsylvania, United States of America"
[P3174],", Fayette, Pennsylvania, USA"
[P3177],"Pennsylvania, Somerset, Pennsylvania, United States"
[P3181],Unk
[P3182],"Age, Cuanza Sul, Angola"
[P3183],"Redstone Twp, Fayette, PA"
[P3184],"Harwood, Vernon, Missouri, USA"
[P3186],"Geddes, South Dakota"
[P3188],"Dunbar, Fayette, Pennsylvania, USA"
[P3189],"German, Fayette, Pennsylvania, USA"
[P3189],"German, Fayette, Pennsylvania, USA"
[P3190],"Somerset, Somerset, Pennsylvania, USA"
[P3191],"German Township, Fayette, Pennsylvania, USA"
[P3193],"German Twp, Fayette Co, PA"
[P3194],"West Pike Run, Washington, Pennsylvania, USA"
[P3195],"Uniontown, Fayette, Pennsylvania, USA"
[P3197],"Honeycutt, Alabama, United States"
[P3199],"Lake County, California, USA"
[P3201],"Greenup County, Kentucky, USA"
[P3203],"Lakeport, Lake, California, USA"
[P3204],"Alameda County, California, USA"
[P3207],"Jonesburg, Montgomery, Missouri, USA"
[P3212],"Kentucky, United States of America"
[P3213],"Adams, Ohio, USA"
[P3216],"Columbus, Franklin, Ohio"
[P3216],"Columbus, Franklin, Ohio"
[P3216],"Columbus, Franklin, Ohio"
[P3219],"Carbondale, Jackson, Illinois, USA"
[P3219],"Carbondale, Jackson, Illinois, USA"
[P3219],"Carbondale, Jackson, Illinois, USA"
[P3219],"Carbondale, Jackson, Illinois, USA"
[P3220],"Walton, Georgia, USA"
[P3222],"Spokane, Spokane, Washington, USA"
[P3229],"Jeffersonville, Indiana, USA"
[P3229],"Jeffersonville, Indiana, USA"
[P3230],"Gnadenhutten, Tuscarawas, Ohio, USA"
[P3231],"Lexington, Kentucky"
[P3234],"Fayetteville, Fayette, Georgia, United States"
[P3234],"Fayetteville, Fayette, Georgia, United States"
[P3234],"Fayetteville, Fayette, Georgia, United States"
[P3235],"Fayette County, Georgia, USA"
[P3235],"Fayette County, Georgia, USA"
[P3236],"Jonesboro, Fayette, Georgia, United States"
[P3241],"Millcreek, Utah, United States"
[P3244],"Choctaw Co, Chester MS, USA"
[P3246],"Fayette County, Ga"
[P3248],"Bibb, Alabama, United States"
[P3249],"Fredericksburg, Virginia, USA"
[P3255],"Laurens County, South Carolina"
[P3255],"Laurens County, South Carolina"
[P3257],"Fayette County, GA"
[P3257],"Fayette County, GA"
[P3257],"Fayette County, GA"
[P3257],"Fayette County, GA"
[P3258],"Fulton, Georgia"
[P3258],"Fulton, Georgia"
[P3258],"Fulton, Georgia"
[P3260],"Atlanta, Fulton, Georgia, USA"
[P3260],"Atlanta, Fulton, Georgia, USA"
[P3261],"Choctaw, Mississippi, United States"
[P3261],"Choctaw, Mississippi, United States"
[P3262],"Mississippi, United States"
[P3262],"Mississippi, United States"
[P3267],"Weber County, Utah, USA"
[P3270],"Ogden, Weber, Utah, United States"
[P3270],"Ogden, Weber, Utah, United States"
[P3270],"Ogden, Weber, Utah, United States"
[P3271],"Evanston, Uinta, Wyoming, United States"
[P3271],"Evanston, Uinta, Wyoming, United States"
[P3273],Cherokee County Alabama
[P3275],"Augusta, Columbia, Georgia, United States"
[P3276],"Juárez, Chihuahua, Mexico"
[P3278],"Ogden, Weber , Utah, United States"
[P3280],"Salt Lake City, Salt Lake County, Utah, USA"
[P3280],"Salt Lake City, Salt Lake County, Utah, USA"
[P3284],"Spartanburg, Spartanburg, South Carolina, United States"
[P3284],"Spartanburg, Spartanburg, South Carolina, United States"
[P3288],"Jonesboro, Clayton, Georgia, United States"
[P3296],"Riverdale, Clayton, Georgia, USA"
[P3298],"Riverdale, Clayton, Georgia, United States of America"
[P3298],"Riverdale, Clayton, Georgia, United States of America"
[P3300],"Lagrange, Troup, Georgia, United States of America"
[P3301],"Blountsville, Alabama, USA"
[P3302],"East Point, Fulton, Georgia, USA"
[P3305],"Mobile, Mobile, Alabama, USA"
[P3306],"Atlanta, Fulton, Georgia, United States of America"
[P3306],"Atlanta, Fulton, Georgia, United States of America"
[P3309],"Fulton County, Georgia"
[P3312],"Dekalb, Georgia"
[P3313],"Cartersville, Bartow, Georgia, USA"
[P3313],"Cartersville, Bartow, Georgia, USA"
[P3316],"Rome, Floyd, Georgia, United States"
[P3321],"Polk, Georgia, United States"
[P3323],"Floyd, Georgia"
[P3324],"Marion, Texas, USA"
[P3329],"Clinton, Laurens, South Carolina, United States"
[P3330],"Laurens, South Carolina, United States"
[P3330],"Laurens, South Carolina, United States"
[P3331],"Spartanburg County, South Carolina, United States of America"
[P3332],"Spartanburg, Spartanburg County, South Carolina, United States of America"
[P3334],"Spartanburg County, South Carolina, USA"
[P3335],"Greenwood, Greenwood, South Carolina, USA"
[P3337],"Greenville, Greenville County, South Carolina, United States of America"
[P3341],"Columbia, Richland County, South Carolina, United States of America"
[P3342],"Clinton, Laurens, South Carolina, United States of America"
[P3344],"Clinton, Laurens, South Carolina"
[P3344],"Clinton, Laurens, South Carolina"
[P3347],"Spartanburg  South Carolina, United States"
[P3348],"Spartanburg, County, South  Carolina"
[P3350],"Spartanburg, South Carolina"
[P3355],"Lanford Station, Laurens, South Carolina, United States"
[P3357],"Knoxville, Knox, Tennessee"
[P3359],"Clinton, Laurens, South Carolina, USA"
[P3360],", Horry, South Carolina, USA"
[P3362],"Bridge, Canterbury, Kent, England"
[P3363],"Bridge, Kent, England"
[P3363],"Bridge, Kent, England"
[P3363],"Bridge, Kent, England"
[P3364],"Petham, Kent, , England"
[P3364],"Petham, Kent, , England"
[P3364],"Petham, Kent, , England"
[P3365],"Petham, Kent, England, United Kingdom"
[P3365],"Petham, Kent, England, United Kingdom"
[P3369],"Crundale, Kent, England"
[P3372],"Elmsted, Kent, England"
[P3373],"Chartman, Kent, England"
[P3376],"Hastingleigh, Kent, England"
[P3377],", Leaveland, Kent, England"
[P3380],"Selling by Faversham, Kent, England"
[P3383],"Elmstead, Kent, England"
[P3391],"of Petham, Kent, England"
[P3396],"Waltham, Kent, England"
[P3396],"Waltham, Kent, England"
[P3396],"Waltham, Kent, England"
[P3403],"Hillingbourn, Kent, United Kingdom"
[P3405],"Thanet, Kent, England"
[P3406],"Christchurch, Hampshire, England"
[P3407],Place unknown
[P3408],"Waltham, Kent, , England"
[P3410],"Bridge RD, Kent  (Waltham?)"
[P3411],"30 Conway Street, South Lambeth, Surrey, England"
[P3412],"Fulham, Middlesex, England"
[P3413],Unknown
[P3413],Unknown
[P3413],Unknown
[P3415],"Brentford, Middlesex"
[P3417],"Bromley, Kent, England"
[P3419],"Marylebone, London"
[P3421],"Paddington, Middlesex, England"
[P3423],"St Hanover Square, Middlesex, England"
[P3425],"New Forest, Hampshire, England"
[P3427],"Bethany, 89 Valley Drive, Brighton, England"
[P3429],"Brentford, Middlesex, England"
[P3430],"5 Linkfield Lane, Redhill, Surrey, England"
[P3432],"120 Ahburton Road, Hastings, Sussex, England"
[P3437],"Garrand, Kentucky"
[P3437],"Garrand, Kentucky"
[P3438],"Gunn City, Cass, Missouri, USA"
[P3444],"LaGrange, LaGrange County, Indiana, United States of America"
[P3445],"Baltimore City, Baltimore, Maryland, United States"
[P3446],"Lagrange, LaGrange, Indiana, United States"
[P3448],"Sturgis, St. Joseph County, Michigan, United States of America"
[P3450],"Detroit Lakes, Becker, Minnesota, USA"
[P3453],"Bryantsville, Garrard, Kentucky"
[P3460],"Trenton, Burlington, New Jersey, United States"
[P3462],"Las Vegas, Clark, NV"
[P3462],"Las Vegas, Clark, NV"
[P3464],"Bountiful, Davis, UT"
[P3467],"Helper, Carbon County, Utah, United States of America"
